season,player_club,player_name,games_played,minutes_played,live_ball_scas_p90,dead_ball_taken_p90,dead_ball_scas_p90,dead_ball_gcas_p90,dead_ball_sca_eff_p90,team_dead_ball_taken_pc,corner_taken_pc,free_kick_taken_pc,non_gk_dead_ball_pc,dead_ball_sc_pc,dead_ball_gc_pc,team_dead_ball_scas,team_dead_ball_gcas,team_dead_ball_sc_pc,taker_type,dead_ball_success_rate
2024,Arsenal,Declan Rice,25,2250,1.96,7.12,1.16,0.08,0.16292134831460672,0.17,0.428,0.245,0.17,0.453,0.2,64,10,0.086,Starter,0.156
2024,Arsenal,Bukayo Saka,14.4,1296,3.68,4.65,1.18,0.35,0.253763440860215,0.064,0.258,0.026,0.064,0.266,0.5,64,10,0.086,Starter,0.156
2024,Arsenal,Martin Ødegaard,20.2,1818,3.71,4.65,0.5,0.05,0.1075268817204301,0.09,0.186,0.103,0.09,0.156,0.1,64,10,0.086,Starter,0.156
2024,Aston Villa,Youri Tielemans,28.4,2556,2.01,6.09,1.06,0.11,0.17405582922824303,0.154,0.412,0.207,0.154,0.448,1,67,3,0.103,Starter,0.045
2024,Aston Villa,Lucas Digne,23.9,2151,1.51,9.87,0.71,0,0.071935157041540021,0.21,0.305,0.106,0.21,0.254,0,67,3,0.103,Starter,0.045
2024,Aston Villa,Marco Asensio,2.6,234,1.92,3.85,1.15,0,0.29870129870129869,0.009,0.048,0.003,0.009,0.045,0,67,3,0.103,Other,0.045
2024,Bournemouth,Lewis Cook,27.6,2484,2.28,7.17,0.58,0.04,0.0808926080892608,0.186,0.349,0.25,0.186,0.296,0.2,54,5,0.064,Starter,0.093
2024,Bournemouth,Marcus Tavernier,16.7,1503,3.41,6.29,0.72,0.18,0.11446740858505564,0.099,0.231,0.107,0.099,0.222,0.6,54,5,0.064,Starter,0.093
2024,Bournemouth,Justin Kluivert,21.5,1935,2.98,3.67,0.37,0,0.1008174386920981,0.074,0.161,0.028,0.074,0.148,0,54,5,0.064,Starter,0.093
2024,Bournemouth,Ryan Christie,23.5,2115,3.06,2.55,0.3,0.04,0.11764705882352941,0.056,0.14,0.083,0.056,0.13,0.2,54,5,0.064,Starter,0.093
2024,Brentford,Bryan Mbeumo,29.9,2691,2.74,3.91,0.5,0.07,0.12787723785166241,0.122,0.485,0.173,0.122,0.294,0.286,51,7,0.082,Starter,0.137
2024,Brentford,Mikkel Damsgaard,25,2250,3.08,4.28,0.44,0.12,0.102803738317757,0.111,0.331,0.099,0.111,0.216,0.429,51,7,0.082,Starter,0.137
2024,Brentford,Mathias Jensen,8.2,737.99999999999989,3.05,7.68,1.1,0.12,0.14322916666666669,0.065,0.096,0.052,0.065,0.176,0.143,51,7,0.082,Starter,0.137
2024,Brentford,Kevin Schade,18.5,1665,1.35,2.65,0.32,0,0.12075471698113208,0.051,0,0,0.051,0.118,0,51,7,0.082,Starter,0.137
2024,Brentford,Michael Kayode,0.4,36,2.5,17.5,5,0,0.2857142857142857,0.007,0,0,0.007,0.039,0,51,7,0.082,Other,0.137
2024,Brighton,Pervis Estupiñán,19.8,1782,1.31,9.7,0.66,0,0.06804123711340207,0.165,0.252,0.046,0.165,0.241,0,54,5,0.075,Starter,0.093
2024,Brighton,Yasin Ayari,17,1530,1.59,4.35,0.65,0.12,0.14942528735632185,0.063,0.19,0.075,0.063,0.204,0.4,54,5,0.075,Starter,0.093
2024,Brighton,Yankuba Minteh,14.1,1269,1.56,2.55,0.57,0,0.22352941176470587,0.031,0.109,0.026,0.031,0.148,0,54,5,0.075,Starter,0.093
2024,Brighton,Matt O'Riley,5.4,486.00000000000006,2.78,7.22,0.93,0,0.128808864265928,0.033,0.15,0.026,0.033,0.093,0,54,5,0.075,Other,0.093
2024,Brighton,James Milner,1.9,171,2.63,5.79,1.05,0,0.18134715025906736,0.009,0.041,0.012,0.009,0.037,0,54,5,0.075,Other,0.093
2024,Chelsea,Cole Palmer,27.1,2439,3.51,6.35,0.77,0,0.12125984251968505,0.154,0.405,0.119,0.154,0.467,0,45,3,0.055,Starter,0.067
2024,Chelsea,Enzo Fernández,23.8,2142,3.53,4.54,0.55,0.08,0.12114537444933922,0.097,0.341,0.122,0.097,0.289,0.667,45,3,0.055,Starter,0.067
2024,Crystal Palace,Eberechi Eze,22.4,2015.9999999999998,2.5,6.52,1.03,0.04,0.15797546012269939,0.154,0.407,0.202,0.154,0.411,0.167,56,6,0.082,Starter,0.107
2024,Crystal Palace,Will Hughes,18.2,1638,2.03,4.45,0.77,0.16,0.17303370786516853,0.085,0.304,0.094,0.085,0.25,0.5,56,6,0.082,Starter,0.107
2024,Crystal Palace,Adam Wharton,10.3,927.00000000000011,3.88,2.62,0.58,0,0.2213740458015267,0.028,0.126,0.036,0.028,0.107,0,56,6,0.082,Starter,0.107
2024,Everton,Dwight McNeil,12.7,1143,2.6,6.93,1.42,0.08,0.2049062049062049,0.094,0.31,0.164,0.094,0.367,0.333,49,3,0.087,Starter,0.061
2024,Everton,Jesper Lindstrøm,13.8,1242,2.17,3.04,0.51,0,0.16776315789473684,0.045,0.198,0.064,0.045,0.143,0,49,3,0.087,Starter,0.061
2024,Everton,James Garner,10.4,936,1.73,6.25,0.67,0.1,0.1072,0.069,0.111,0.047,0.069,0.143,0.333,49,3,0.087,Starter,0.061
2024,Everton,Ashley Young,17.4,1565.9999999999998,1.55,10.98,0.34,0,0.030965391621129327,0.203,0.103,0.099,0.203,0.122,0,49,3,0.087,Starter,0.061
2024,Everton,Jack Harrison,17.5,1575,1.77,2.34,0.34,0,0.14529914529914531,0.044,0.175,0.07,0.044,0.122,0,49,3,0.087,Starter,0.061
2024,Fulham,Andreas Pereira,17.8,1602,2.7,9.33,1.97,0.11,0.21114683815648447,0.147,0.544,0.139,0.147,0.565,0.667,62,3,0.084,Starter,0.048
2024,Fulham,Saša Lukić,20,1800,1.35,3.7,0.55,0,0.14864864864864866,0.066,0.244,0.103,0.066,0.177,0,62,3,0.084,Starter,0.048
2024,Fulham,Harrison Reed,0.9,81,0,6.67,1.11,0,0.16641679160419792,0.005,0.006,0.01,0.005,0.016,0,62,3,0.084,Other,0.048
2024,Ipswich Town,Leif Davis,27.3,2457,1.5,9.96,1.32,0,0.13253012048192769,0.28,0.628,0.199,0.28,0.61,0,59,2,0.115,Starter,0.034
2024,Ipswich Town,Ben Johnson,11.6,1044,0.69,6.47,0.6,0,0.092735703245749618,0.077,0.074,0.035,0.077,0.119,0,59,2,0.115,Starter,0.034
2024,Leicester City,Facundo Buonanotte,15,1350,1.6,3.73,0.67,0.13,0.17962466487935658,0.052,0.2,0.083,0.052,0.27,0.667,37,3,0.081,Starter,0.081
2024,Leicester City,Harry Winks,17.1,1539.0000000000002,1.7,3.57,0.41,0.06,0.11484593837535013,0.057,0.152,0.138,0.057,0.189,0.333,37,3,0.081,Starter,0.081
2024,Leicester City,Jordan Ayew,14.6,1314,1.3,2.67,0.41,0,0.15355805243445692,0.036,0.2,0.039,0.036,0.162,0,37,3,0.081,Starter,0.081
2024,Leicester City,Victor Bernth Kristiansen,25.9,2331,1.2,9.5,0.23,0,0.024210526315789474,0.228,0.162,0.157,0.228,0.162,0,37,3,0.081,Starter,0.081
2024,Liverpool,Trent Alexander-Arnold,23.8,2142,2.98,11.64,0.59,0.04,0.050687285223367691,0.23,0.247,0.186,0.23,0.292,0.333,48,3,0.053,Starter,0.063
2024,Liverpool,Alexis Mac Allister,24.5,2205,3.1,3.14,0.53,0.04,0.16878980891719744,0.064,0.237,0.075,0.064,0.271,0.333,48,3,0.053,Starter,0.063
2024,Liverpool,Andrew Robertson,23.4,2106,2.52,10.85,0.38,0,0.035023041474654376,0.211,0.284,0.137,0.211,0.188,0,48,3,0.053,Starter,0.063
2024,Liverpool,Kostas Tsimikas,5.7,513,1.93,12.81,0.88,0.18,0.068696330991412952,0.061,0.134,0.023,0.061,0.104,0.333,48,3,0.053,Starter,0.063
2024,Liverpool,Harvey Elliott,1.4,125.99999999999999,3.57,8.57,1.43,0,0.16686114352392065,0.01,0.021,0.007,0.01,0.042,0,48,3,0.053,Other,0.063
2024,Manchester City,Phil Foden,18.1,1629.0000000000002,3.04,4.25,0.99,0.06,0.23294117647058823,0.071,0.204,0.066,0.071,0.34,0.333,53,3,0.06,Starter,0.057
2024,Manchester City,Kevin De Bruyne,12.3,1107,4.72,8.78,1.38,0.08,0.15717539863325741,0.099,0.301,0.053,0.099,0.321,0.333,53,3,0.06,Starter,0.057
2024,Manchester City,İlkay Gündoğan,18,1620,2.67,4.94,0.44,0.06,0.089068825910931168,0.082,0.209,0.086,0.082,0.151,0.333,53,3,0.06,Starter,0.057
2024,Manchester Utd,Bruno Fernandes,27.4,2466,3.61,7.01,1.02,0.07,0.14550641940085593,0.184,0.481,0.329,0.184,0.444,0.5,63,4,0.088,Starter,0.063
2024,Manchester Utd,Christian Eriksen,9,810,2.78,8.11,1.56,0.22,0.19235511713933418,0.07,0.305,0.08,0.07,0.222,0.5,63,4,0.088,Starter,0.063
2024,Manchester Utd,Amad Diallo,17.7,1593,3.05,3.79,0.51,0,0.13456464379947231,0.064,0.182,0.012,0.064,0.143,0,63,4,0.088,Starter,0.063
2024,Newcastle Utd,Lewis Hall,24.3,2187,1.81,11.81,0.74,0.04,0.062658763759525823,0.264,0.344,0.218,0.264,0.353,0.25,51,4,0.073,Starter,0.078
2024,Newcastle Utd,Anthony Gordon,23.4,2106,2.95,4.57,0.43,0.04,0.094091903719912467,0.098,0.313,0.067,0.098,0.196,0.25,51,4,0.073,Starter,0.078
2024,Newcastle Utd,Kieran Trippier,8.7,782.99999999999989,1.95,16.9,1.03,0,0.060946745562130186,0.135,0.188,0.096,0.135,0.176,0,51,4,0.073,Starter,0.078
2024,Nott'ham Forest,Elliot Anderson,22.7,2043,1.5,3.17,0.79,0.13,0.24921135646687698,0.075,0.339,0.075,0.075,0.321,0.429,56,7,0.09,Starter,0.125
2024,Nott'ham Forest,Anthony Elanga,21.4,1925.9999999999998,2.2,4.35,0.75,0.09,0.17241379310344829,0.096,0.496,0.091,0.096,0.286,0.286,56,7,0.09,Starter,0.125
2024,Nott'ham Forest,James Ward-Prowse,4.4,396.00000000000006,1.36,5.45,0.91,0.23,0.16697247706422019,0.025,0.063,0.057,0.025,0.071,0.143,56,7,0.09,Other,0.125
2024,Southampton,Ryan Manning,11.7,1053,1.37,10.17,1.45,0.09,0.14257620452310718,0.118,0.183,0.092,0.118,0.362,0.333,47,3,0.093,Starter,0.064
2024,Southampton,Mateus Fernandes,24.8,2232,1.41,5.4,0.44,0.04,0.081481481481481474,0.133,0.357,0.157,0.133,0.234,0.333,47,3,0.093,Starter,0.064
2024,Southampton,Yukinari Sugawara,16,1440,1.88,7.31,0.31,0,0.04240766073871409,0.116,0.071,0.056,0.116,0.106,0,47,3,0.093,Starter,0.064
2024,Tottenham,Pedro Porro,25.3,2277,2.25,11.78,0.71,0.12,0.060271646859083192,0.23,0.19,0.115,0.23,0.333,0.6,54,5,0.075,Starter,0.093
2024,Tottenham,Dejan Kulusevski,23.9,2151,3.77,3.35,0.5,0.04,0.14925373134328357,0.062,0.295,0.01,0.062,0.222,0.2,54,5,0.075,Starter,0.093
2024,Tottenham,James Maddison,16.9,1520.9999999999998,3.31,6.45,0.59,0.06,0.091472868217054262,0.084,0.267,0.097,0.084,0.185,0.2,54,5,0.075,Starter,0.093
2024,Tottenham,Son Heung-min,20.6,1854.0000000000002,3.93,3.06,0.39,0,0.12745098039215685,0.049,0.162,0.032,0.049,0.148,0,54,5,0.075,Starter,0.093
2024,Tottenham,Mikey Moore,2.1,189,2.86,2.86,0.95,0,0.33216783216783219,0.005,0.024,0,0.005,0.037,0,54,5,0.075,Other,0.093
2024,West Ham,Jarrod Bowen,25.3,2277,2.25,2.85,0.47,0.08,0.16491228070175437,0.076,0.344,0.016,0.076,0.214,0.5,56,4,0.086,Starter,0.071
2024,West Ham,Emerson Palmieri,20.1,1809.0000000000002,1.19,8.21,0.55,0.05,0.066991473812423874,0.175,0.188,0.071,0.175,0.196,0.25,56,4,0.086,Starter,0.071
2024,West Ham,Aaron Cresswell,6.5,585,0.77,11.38,1.08,0,0.094903339191564143,0.079,0.07,0.11,0.079,0.125,0,56,4,0.086,Starter,0.071
2024,West Ham,Carlos Soler,12.7,1143,2.05,3.86,0.55,0,0.14248704663212436,0.052,0.133,0.087,0.052,0.125,0,56,4,0.086,Starter,0.071
2024,West Ham,James Ward-Prowse,5.5,495,1.64,6,0.91,0,0.15166666666666667,0.035,0.148,0.051,0.035,0.089,0,56,4,0.086,Other,0.071
2024,West Ham,Luis Guilherme,1.1,99.000000000000014,3.64,1.82,0.91,0,0.5,0.002,0.016,0,0.002,0.018,0,56,4,0.086,Other,0.071
2024,Wolves,Matheus Cunha,23.8,2142,2.35,6.05,0.42,0,0.069421487603305784,0.134,0.544,0.135,0.134,0.25,0,40,2,0.071,Starter,0.05
2024,Wolves,Rayan Aït-Nouri,27.4,2466,1.35,8.43,0.36,0.04,0.042704626334519574,0.214,0.146,0.11,0.214,0.25,0.5,40,2,0.071,Starter,0.05
2023,Arsenal,Bukayo Saka,32.4,2916,4.23,4.26,0.8,0.06,0.18779342723004697,0.104,0.449,0.02,0.104,0.321,0.125,81,16,0.069,Starter,0.198
2023,Arsenal,Martin Ødegaard,34.3,3086.9999999999995,5.19,3,0.5,0.06,0.16666666666666666,0.078,0.098,0.154,0.078,0.21,0.125,81,16,0.069,Starter,0.198
2023,Arsenal,Declan Rice,35.8,3221.9999999999995,1.98,2.99,0.45,0.14,0.15050167224080266,0.081,0.177,0.135,0.081,0.198,0.313,81,16,0.069,Starter,0.198
2023,Aston Villa,Douglas Luiz,33.3,2996.9999999999995,1.83,7.12,1.02,0.12,0.14325842696629212,0.156,0.433,0.25,0.156,0.442,0.5,77,8,0.085,Starter,0.104
2023,Aston Villa,Lucas Digne,26.8,2412,1.79,9.44,0.71,0,0.075211864406779655,0.167,0.156,0.07,0.167,0.247,0,77,8,0.085,Starter,0.104
2023,Aston Villa,John McGinn,33.3,2996.9999999999995,2.64,2.46,0.27,0.03,0.10975609756097562,0.054,0.16,0.06,0.054,0.117,0.125,77,8,0.085,Starter,0.104
2023,Bournemouth,Lewis Cook,31,2790,1.55,6.29,0.71,0,0.11287758346581875,0.136,0.396,0.278,0.136,0.324,0,68,3,0.072,Starter,0.044
2023,Bournemouth,Marcus Tavernier,23.5,2115,3.06,5.15,0.6,0.09,0.11650485436893203,0.084,0.251,0.079,0.084,0.206,0.667,68,3,0.072,Starter,0.044
2023,Bournemouth,Ryan Christie,32.3,2906.9999999999995,2.72,2.41,0.25,0.03,0.10373443983402489,0.054,0.128,0.07,0.054,0.118,0.333,68,3,0.072,Starter,0.044
2023,Brentford,Mathias Jensen,24.5,2205,1.96,11.1,1.43,0.08,0.12882882882882882,0.214,0.353,0.164,0.214,0.368,0.4,95,5,0.12,Starter,0.053
2023,Brentford,Bryan Mbeumo,21.8,1962,2.06,4.08,1.06,0.05,0.25980392156862747,0.07,0.255,0.091,0.07,0.242,0.2,95,5,0.12,Starter,0.053
2023,Brentford,Sergio Reguilón,12.4,1116,1.61,7.34,0.89,0.16,0.12125340599455041,0.072,0.147,0.101,0.072,0.116,0.4,95,5,0.12,Starter,0.053
2023,Brighton,Pascal Groß,34.6,3114,3.29,8.93,1.56,0.06,0.17469204927211648,0.212,0.646,0.248,0.212,0.621,0.4,87,5,0.086,Starter,0.057
2023,Brighton,Solly March,6.2,558,1.29,6.29,1.29,0.16,0.20508744038155804,0.027,0.058,0.017,0.027,0.092,0.2,87,5,0.086,Other,0.057
2023,Brighton,Valentín Barco,3.4,306,1.47,8.24,0.88,0,0.10679611650485436,0.019,0.039,0.01,0.019,0.034,0,87,5,0.086,Other,0.057
2023,Burnley,Josh Brownhill,25,2250,1.72,4.12,0.76,0.04,0.18446601941747573,0.08,0.278,0.11,0.08,0.275,0.2,69,5,0.093,Starter,0.072
2023,Burnley,Jóhann Berg Guðmundsson,13.2,1188,2.12,5.83,1.29,0.15,0.22126929674099485,0.06,0.217,0.106,0.06,0.246,0.4,69,5,0.093,Starter,0.072
2023,Burnley,Jacob Bruun Larsen,13.9,1251,2.3,4.96,0.79,0,0.15927419354838709,0.054,0.256,0.057,0.054,0.159,0,69,5,0.093,Starter,0.072
2023,Burnley,Mike Trésor,4.7,423,0.85,5.11,1.06,0,0.20743639921722112,0.019,0.106,0.011,0.019,0.072,0,69,5,0.093,Other,0.072
2023,Chelsea,Conor Gallagher,34.8,3131.9999999999995,2.24,3.51,0.43,0.14,0.12250712250712251,0.087,0.223,0.113,0.087,0.246,0.714,61,7,0.062,Starter,0.115
2023,Chelsea,Cole Palmer,29,2610,4,3.83,0.41,0,0.10704960835509138,0.079,0.272,0.052,0.079,0.197,0,61,7,0.062,Starter,0.115
2023,Chelsea,Mykhailo Mudryk,17.5,1575,2.23,3.54,0.57,0.06,0.16101694915254236,0.044,0.257,0.009,0.044,0.164,0.143,61,7,0.062,Starter,0.115
2023,Chelsea,Ben Chilwell,8.4,756,1.31,8.69,0.95,0,0.1093210586881473,0.052,0.104,0.025,0.052,0.131,0,61,7,0.062,Starter,0.115
2023,Chelsea,Joshua Acheampong,0.1,9,0,10,10,0,1,0.001,0,0,0.001,0.016,0,61,7,0.062,Other,0.115
2023,Crystal Palace,Eberechi Eze,22.8,2052,2.37,6.32,1.18,0,0.18670886075949364,0.102,0.399,0.134,0.102,0.37,0,73,3,0.092,Starter,0.041
2023,Crystal Palace,Michael Olise,14.2,1278,3.1,7.82,1.06,0.07,0.13554987212276215,0.079,0.23,0.109,0.079,0.205,0.333,73,3,0.092,Starter,0.041
2023,Crystal Palace,Will Hughes,21,1890,1.62,3.38,0.43,0,0.12721893491124261,0.051,0.096,0.047,0.051,0.123,0,73,3,0.092,Starter,0.041
2023,Crystal Palace,Matheus França,2.6,234,1.54,3.85,1.15,0,0.29870129870129869,0.007,0.051,0.002,0.007,0.041,0,73,3,0.092,Other,0.041
2023,Everton,Dwight McNeil,32.1,2889,2.4,4.92,1.03,0.12,0.20934959349593496,0.129,0.453,0.247,0.129,0.458,0.8,72,5,0.087,Starter,0.069
2023,Everton,James Garner,33.4,3006,1.74,4.64,0.66,0.03,0.14224137931034483,0.127,0.326,0.194,0.127,0.306,0.2,72,5,0.087,Starter,0.069
2023,Everton,Ashley Young,25.3,2277,1.5,8.38,0.4,0,0.0477326968973747,0.173,0.105,0.134,0.173,0.139,0,72,5,0.087,Starter,0.069
2023,Fulham,Andreas Pereira,29,2610,2.76,8.79,1.66,0.14,0.18885096700796361,0.172,0.698,0.18,0.172,0.608,0.667,79,6,0.09,Starter,0.076
2023,Fulham,Willian,22.8,2052,3.55,2.59,0.66,0,0.25482625482625487,0.04,0.17,0.046,0.04,0.19,0,79,6,0.09,Starter,0.076
2023,Liverpool,Andrew Robertson,18.8,1692,3.3,12.77,1.76,0.11,0.13782302270947533,0.15,0.314,0.105,0.15,0.287,0.25,115,8,0.084,Starter,0.07
2023,Liverpool,Trent Alexander-Arnold,23.9,2151,3.35,14.48,1.38,0.13,0.09530386740331491,0.217,0.247,0.196,0.217,0.287,0.375,115,8,0.084,Starter,0.07
2023,Liverpool,Dominik Szoboszlai,23.4,2106,3.59,7.14,0.9,0,0.12605042016806722,0.105,0.23,0.087,0.105,0.183,0,115,8,0.084,Starter,0.07
2023,Liverpool,Kostas Tsimikas,7.5,675,2.67,14.67,1.2,0,0.081799591002045,0.069,0.101,0.036,0.069,0.078,0,115,8,0.084,Other,0.07
2023,Luton Town,Alfie Doughty,32.5,2925,1.75,15.05,1.45,0.15,0.0963455149501661,0.355,0.744,0.258,0.355,0.653,0.714,72,7,0.097,Starter,0.097
2023,Luton Town,Ross Barkley,29.1,2619,2.3,4.78,0.38,0.07,0.0794979079497908,0.101,0.079,0.272,0.101,0.153,0.286,72,7,0.097,Starter,0.097
2023,Manchester City,Julián Álvarez,29.4,2646,2.52,6.29,0.95,0.03,0.15103338632750396,0.132,0.451,0.061,0.132,0.444,0.2,63,5,0.05,Starter,0.079
2023,Manchester City,Kevin De Bruyne,13.6,1224,5.37,9.12,1.25,0.22,0.13706140350877194,0.089,0.241,0.056,0.089,0.27,0.6,63,5,0.05,Starter,0.079
2023,Manchester City,Phil Foden,31.7,2853,3.5,2.49,0.28,0.03,0.11244979919678715,0.057,0.175,0.046,0.057,0.143,0.2,63,5,0.05,Starter,0.079
2023,Manchester Utd,Bruno Fernandes,34.6,3114,4.13,8.21,1.39,0.09,0.16930572472594393,0.199,0.674,0.215,0.199,0.608,0.75,79,4,0.08,Starter,0.051
2023,Manchester Utd,Luke Shaw,10.7,962.99999999999989,1.21,9.91,0.84,0,0.084762865792129161,0.074,0.085,0.057,0.074,0.114,0,79,4,0.08,Starter,0.051
2023,Manchester Utd,Christian Eriksen,12.7,1143,2.83,4.33,0.63,0,0.14549653579676675,0.039,0.116,0.084,0.039,0.101,0,79,4,0.08,Starter,0.051
2023,Manchester Utd,Jadon Sancho,0.9,81,1.11,1.11,1.11,1.11,1,0.001,0.004,0,0.001,0.013,0.25,79,4,0.08,Other,0.051
2023,Newcastle Utd,Kieran Trippier,24.8,2232,2.74,16.85,1.13,0.12,0.067062314540059328,0.294,0.583,0.245,0.294,0.406,0.429,69,7,0.07,Starter,0.101
2023,Newcastle Utd,Anthony Gordon,32.1,2889,2.68,2.8,0.56,0.06,0.20000000000000004,0.063,0.26,0.031,0.063,0.261,0.286,69,7,0.07,Starter,0.101
2023,Newcastle Utd,Bruno Guimarães,36.3,3266.9999999999995,3.03,3.17,0.22,0,0.0694006309148265,0.081,0.016,0.225,0.081,0.116,0,69,7,0.07,Starter,0.101
2023,Nott'ham Forest,Morgan Gibbs-White,35.1,3159,2.45,6.1,1.08,0.09,0.17704918032786887,0.171,0.655,0.297,0.171,0.567,0.6,67,5,0.086,Starter,0.075
2023,Nott'ham Forest,Harry Toffolo,16.2,1458,0.99,7.72,0.43,0,0.055699481865284978,0.1,0.088,0.049,0.1,0.104,0,67,5,0.086,Starter,0.075
2023,Sheffield Utd,Gustavo Hamer,32.3,2906.9999999999995,2.26,4.71,0.68,0.03,0.14437367303609344,0.131,0.553,0.204,0.131,0.379,0.5,58,2,0.097,Starter,0.034
2023,Sheffield Utd,Oliver Norwood,16,1440,1.19,5.94,0.75,0,0.12626262626262624,0.082,0.248,0.261,0.082,0.207,0,58,2,0.097,Starter,0.034
2023,Sheffield Utd,Jack Robinson,32.1,2889,0.37,6.39,0.22,0.03,0.034428794992175278,0.177,0,0.152,0.177,0.121,0.5,58,2,0.097,Starter,0.034
2023,Tottenham,Pedro Porro,34.3,3086.9999999999995,1.92,13.15,0.82,0.09,0.0623574144486692,0.273,0.427,0.103,0.273,0.467,0.429,60,7,0.057,Starter,0.117
2023,Tottenham,James Maddison,23.7,2133,4.64,7.05,0.93,0.04,0.1319148936170213,0.101,0.41,0.108,0.101,0.367,0.143,60,7,0.057,Starter,0.117
2023,Tottenham,Ivan Perišić,1.1,99.000000000000014,5.45,3.64,0.91,0.91,0.25,0.002,0.004,0.002,0.002,0.017,0.143,60,7,0.057,Other,0.117
2023,West Ham,James Ward-Prowse,33.3,2996.9999999999995,1.71,7.27,1.53,0.21,0.21045392022008255,0.179,0.721,0.25,0.179,0.567,0.636,90,11,0.116,Starter,0.122
2023,West Ham,Vladimír Coufal,34.8,3131.9999999999995,1.44,9.68,0.52,0,0.053719008264462811,0.25,0.006,0.053,0.25,0.2,0,90,11,0.116,Starter,0.122
2023,Wolves,Pablo Sarabia,19.4,1745.9999999999998,2.53,6.7,1.34,0.21,0.2,0.099,0.455,0.096,0.099,0.388,0.571,67,7,0.091,Starter,0.104
2023,Wolves,Pedro Neto,16.8,1512,2.44,4.35,0.89,0.12,0.2045977011494253,0.055,0.218,0.065,0.055,0.224,0.286,67,7,0.091,Starter,0.104
2023,Wolves,Rayan Aït-Nouri,25.9,2331,1.58,5.33,0.35,0,0.065666041275797365,0.105,0.051,0.067,0.105,0.134,0,67,7,0.091,Starter,0.104
2023,Wolves,Matheus Nunes,2,180,2.5,4,1,0,0.25,0.006,0.006,0.011,0.006,0.03,0,67,7,0.091,Other,0.104
2022,Arsenal,Bukayo Saka,35.3,3176.9999999999995,3,3.71,0.76,0.11,0.20485175202156336,0.095,0.444,0.025,0.095,0.346,0.667,78,6,0.075,Starter,0.077
2022,Arsenal,Martin Ødegaard,34.7,3123.0000000000005,3.52,3.17,0.43,0,0.13564668769716087,0.08,0.081,0.182,0.08,0.192,0,78,6,0.075,Starter,0.077
2022,Arsenal,Gabriel Martinelli,31,2790,2.87,2.84,0.26,0,0.09154929577464789,0.064,0.283,0.028,0.064,0.103,0,78,6,0.075,Starter,0.077
2022,Aston Villa,Douglas Luiz,32.5,2925,1.88,6.65,0.8,0.03,0.12030075187969924,0.153,0.549,0.261,0.153,0.542,0.5,48,2,0.064,Starter,0.042
2022,Aston Villa,John McGinn,29.9,2691,1.87,1.87,0.33,0.03,0.17647058823529413,0.04,0.154,0.054,0.04,0.208,0.5,48,2,0.064,Starter,0.042
2022,Bournemouth,Lewis Cook,19.1,1719.0000000000002,1.41,2.93,0.42,0.05,0.14334470989761092,0.044,0.104,0.106,0.044,0.178,0.2,45,5,0.073,Starter,0.111
2022,Bournemouth,Marcus Tavernier,19.4,1745.9999999999998,1.6,5.15,0.36,0.1,0.069902912621359212,0.079,0.292,0.07,0.079,0.156,0.4,45,5,0.073,Starter,0.111
2022,Bournemouth,Hamed Junior Traorè,4.7,423,2.55,5.96,1.49,0,0.25,0.022,0.125,0.027,0.022,0.156,0,45,5,0.073,Starter,0.111
2022,Bournemouth,Joe Rothwell,11.3,1017.0000000000001,1.42,4.78,0.53,0.09,0.11087866108786611,0.043,0.146,0.08,0.043,0.133,0.2,45,5,0.073,Starter,0.111
2022,Bournemouth,Ryan Christie,20.4,1835.9999999999998,2.35,1.37,0.25,0,0.18248175182481752,0.022,0.139,0.01,0.022,0.111,0,45,5,0.073,Starter,0.111
2022,Brentford,Mathias Jensen,31.1,2799,1.54,12.89,1.51,0.13,0.11714507370054306,0.319,0.466,0.313,0.319,0.49,0.571,96,7,0.139,Starter,0.073
2022,Brentford,Bryan Mbeumo,32.3,2906.9999999999995,1.92,4.3,0.84,0.06,0.19534883720930232,0.11,0.436,0.179,0.11,0.281,0.286,96,7,0.139,Starter,0.073
2022,Brentford,Saman Ghoddos,1.5,135,0.67,7.33,1.33,0,0.1814461118690314,0.009,0.025,0.011,0.009,0.021,0,96,7,0.139,Other,0.073
2022,Brighton,Pascal Groß,36,3240,2.5,9.25,1.11,0.06,0.12000000000000001,0.226,0.601,0.22,0.226,0.548,0.667,73,3,0.068,Starter,0.041
2022,Brighton,Solly March,30.2,2718,3.01,4.7,0.5,0.03,0.10638297872340426,0.096,0.305,0.035,0.096,0.205,0.333,73,3,0.068,Starter,0.041
2022,Chelsea,Ben Chilwell,15.6,1404,1.22,12.69,1.09,0.06,0.085894405043341227,0.136,0.249,0.057,0.136,0.258,0.333,66,3,0.077,Starter,0.045
2022,Chelsea,Mason Mount,18.3,1647,2.3,3.72,0.49,0,0.13172043010752688,0.047,0.163,0.039,0.047,0.136,0,66,3,0.077,Starter,0.045
2022,Chelsea,Lewis Hall,7.3,657,1.78,7.81,0.82,0,0.10499359795134443,0.039,0.062,0.016,0.039,0.091,0,66,3,0.077,Other,0.045
2022,Crystal Palace,Michael Olise,30.5,2745,2.46,7.51,1.21,0.13,0.1611185086551265,0.153,0.683,0.138,0.153,0.552,0.667,67,6,0.09,Starter,0.09
2022,Crystal Palace,Eberechi Eze,29.3,2637,2.35,5.09,0.72,0.03,0.14145383104125736,0.1,0.274,0.154,0.1,0.313,0.167,67,6,0.09,Starter,0.09
2022,Everton,Dwight McNeil,27.8,2502,1.91,5.11,1.29,0.11,0.25244618395303325,0.114,0.351,0.189,0.114,0.462,0.6,78,5,0.108,Starter,0.064
2022,Everton,Demarai Gray,27.9,2511,1.47,6.16,0.9,0.07,0.1461038961038961,0.138,0.425,0.216,0.138,0.321,0.4,78,5,0.108,Starter,0.064
2022,Everton,Alex Iwobi,37.5,3375,2.43,1.55,0.24,0,0.15483870967741933,0.047,0.098,0.011,0.047,0.115,0,78,5,0.108,Starter,0.064
2022,Fulham,Andreas Pereira,29.9,2691,1.91,7.73,1.47,0.17,0.19016817593790425,0.16,0.637,0.231,0.16,0.564,0.556,78,9,0.104,Starter,0.115
2022,Fulham,Willian,23.6,2124,3.01,2.08,0.68,0.13,0.32692307692307693,0.034,0.176,0.04,0.034,0.205,0.333,78,9,0.104,Starter,0.115
2022,Leeds United,Jack Harrison,30.1,2709,2.26,4.35,0.9,0.03,0.20689655172413796,0.086,0.342,0.101,0.086,0.278,0.143,97,7,0.125,Starter,0.072
2022,Leeds United,Sam Greenwood,4.7,423,1.06,9.15,3.83,0.43,0.41857923497267757,0.028,0.131,0.04,0.028,0.186,0.286,97,7,0.125,Starter,0.072
2022,Leeds United,Brenden Aaronson,26.4,2376,2.16,3.22,0.64,0.04,0.19875776397515527,0.056,0.191,0.069,0.056,0.175,0.143,97,7,0.125,Starter,0.072
2022,Leeds United,Marc Roca,25.7,2313,1.32,3.97,0.39,0.04,0.0982367758186398,0.067,0.201,0.147,0.067,0.103,0.143,97,7,0.125,Starter,0.072
2022,Leeds United,Adam Forshaw,5.3,477,1.89,4.15,1.13,0,0.272289156626506,0.014,0.045,0.019,0.014,0.062,0,97,7,0.125,Other,0.072
2022,Leicester City,James Maddison,27.6,2484,2.75,5.14,1.05,0.04,0.20428015564202337,0.108,0.511,0.173,0.108,0.558,0.5,52,2,0.07,Starter,0.038
2022,Liverpool,Trent Alexander-Arnold,32.5,2925,2.49,15.66,1.05,0.06,0.067049808429118771,0.326,0.417,0.195,0.326,0.4,0.222,85,9,0.081,Starter,0.106
2022,Liverpool,Andrew Robertson,28.7,2583,2.06,13.07,0.94,0.14,0.071920428462127,0.241,0.345,0.181,0.241,0.318,0.444,85,9,0.081,Starter,0.106
2022,Liverpool,Kostas Tsimikas,8.6,774,1.4,16.98,1.51,0.12,0.088928150765606589,0.094,0.153,0.064,0.094,0.153,0.111,85,9,0.081,Starter,0.106
2022,Manchester City,Kevin De Bruyne,26.9,2421,4.46,5.95,1.23,0.11,0.20672268907563024,0.121,0.303,0.139,0.121,0.407,0.429,81,7,0.074,Starter,0.086
2022,Manchester City,Riyad Mahrez,21.3,1917,3.47,6.48,0.8,0.09,0.12345679012345678,0.104,0.273,0.094,0.104,0.21,0.286,81,7,0.074,Starter,0.086
2022,Manchester City,Phil Foden,20.5,1845,3.71,2.98,0.44,0,0.1476510067114094,0.046,0.164,0.024,0.046,0.111,0,81,7,0.074,Starter,0.086
2022,Manchester Utd,Bruno Fernandes,36.8,3311.9999999999995,4.46,4.95,0.71,0,0.14343434343434341,0.132,0.423,0.123,0.132,0.464,0,56,3,0.054,Starter,0.054
2022,Manchester Utd,Christian Eriksen,22.8,2052,2.19,4.65,0.75,0.13,0.16129032258064516,0.077,0.316,0.123,0.077,0.304,1,56,3,0.054,Starter,0.054
2022,Manchester Utd,Luke Shaw,28.4,2556,1.76,10.46,0.32,0,0.030592734225621414,0.216,0.194,0.138,0.216,0.161,0,56,3,0.054,Starter,0.054
2022,Newcastle Utd,Kieran Trippier,37.1,3339,2.13,19.25,2.53,0.11,0.13142857142857142,0.492,0.8,0.48,0.492,0.862,0.667,109,6,0.109,Starter,0.055
2022,Nott'ham Forest,Morgan Gibbs-White,33,2970,2.18,5.18,0.82,0.09,0.15830115830115829,0.134,0.734,0.198,0.134,0.466,0.6,58,5,0.099,Starter,0.086
2022,Nott'ham Forest,Renan Lodi,24.6,2214,0.89,7.68,0.24,0,0.03125,0.148,0.117,0.141,0.148,0.103,0,58,5,0.099,Starter,0.086
2022,Southampton,James Ward-Prowse,37.5,3375,1.65,8.77,1.57,0.08,0.1790193842645382,0.243,0.924,0.46,0.243,0.787,0.6,75,5,0.106,Starter,0.067
2022,Tottenham,Son Heung-min,32.1,2889,2.31,3.83,0.84,0.09,0.21932114882506526,0.093,0.409,0.066,0.093,0.45,0.429,60,7,0.066,Starter,0.117
2022,Tottenham,Ivan Perišić,23.4,2106,2.35,9.44,0.68,0.13,0.072033898305084748,0.167,0.33,0.046,0.167,0.267,0.429,60,7,0.066,Starter,0.117
2022,Tottenham,Pedro Porro,12.6,1134,2.3,9.6,0.56,0,0.058333333333333341,0.092,0.118,0.017,0.092,0.117,0,60,7,0.066,Starter,0.117
2022,West Ham,Aaron Cresswell,24.8,2232,1.73,11.61,1.09,0.04,0.093884582256675286,0.222,0.272,0.157,0.222,0.342,0.167,79,6,0.097,Starter,0.076
2022,West Ham,Jarrod Bowen,35.9,3231,1.62,3.04,0.42,0.08,0.13815789473684209,0.084,0.437,0.043,0.084,0.19,0.5,79,6,0.097,Starter,0.076
2022,West Ham,Vladimír Coufal,23.7,2133,1.52,10.97,0.55,0.04,0.050136736554238837,0.2,0,0.063,0.2,0.165,0.167,79,6,0.097,Starter,0.076
2022,Wolves,João Moutinho,19.8,1782,2.47,5.86,0.71,0,0.12116040955631398,0.09,0.184,0.16,0.09,0.23,0,61,1,0.086,Starter,0.016
2022,Wolves,Rúben Neves,33.5,3015,1.64,4.57,0.33,0.03,0.072210065645514215,0.119,0.114,0.334,0.119,0.18,1,61,1,0.086,Starter,0.016
2022,Wolves,Daniel Podence,19.7,1773,2.34,2.59,0.46,0,0.17760617760617761,0.04,0.141,0.023,0.04,0.148,0,61,1,0.086,Starter,0.016
2022,Wolves,Hugo Bueno,14.6,1314,1.51,9.59,0.48,0,0.050052137643378521,0.109,0.097,0.026,0.109,0.115,0,61,1,0.086,Starter,0.016
2021,Arsenal,Bukayo Saka,33.1,2979,3.26,2.93,0.6,0.12,0.20477815699658702,0.073,0.284,0.05,0.073,0.303,0.5,66,8,0.064,Starter,0.121
2021,Arsenal,Martin Ødegaard,30.9,2781,4.17,4.4,0.39,0,0.088636363636363638,0.103,0.149,0.106,0.103,0.182,0,66,8,0.064,Starter,0.121
2021,Arsenal,Cédric Soares,16.5,1485,1.64,11.52,0.55,0.06,0.047743055555555559,0.144,0.149,0.081,0.144,0.136,0.125,66,8,0.064,Starter,0.121
2021,Arsenal,Nicolas Pépé,7.7,693,2.6,4.94,1.17,0,0.23684210526315785,0.029,0.149,0.006,0.029,0.136,0,66,8,0.064,Starter,0.121
2021,Aston Villa,John McGinn,34.3,3086.9999999999995,2.1,3.99,0.61,0.03,0.15288220551378445,0.096,0.265,0.182,0.096,0.256,0.125,82,8,0.099,Starter,0.098
2021,Aston Villa,Douglas Luiz,30.2,2718,1.99,6.62,0.7,0.07,0.10574018126888217,0.14,0.291,0.311,0.14,0.256,0.25,82,8,0.099,Starter,0.098
2021,Aston Villa,Lucas Digne,14.1,1269,2.62,13.62,0.99,0.14,0.072687224669603534,0.135,0.199,0.043,0.135,0.171,0.25,82,8,0.099,Starter,0.098
2021,Brentford,Christian Eriksen,10.4,936,2.5,10.67,2.6,0.48,0.24367385192127461,0.082,0.34,0.137,0.082,0.284,0.455,95,11,0.13,Starter,0.116
2021,Brentford,Mathias Jensen,17.8,1602,2.42,5.67,1.07,0.06,0.1887125220458554,0.075,0.296,0.121,0.075,0.2,0.091,95,11,0.13,Starter,0.116
2021,Brentford,Bryan Mbeumo,32.3,2906.9999999999995,1.64,1.52,0.31,0.03,0.20394736842105263,0.036,0.132,0.063,0.036,0.105,0.091,95,11,0.13,Starter,0.116
2021,Brentford,Charlie Goode,5,450,0.4,14.8,1.4,0,0.094594594594594586,0.055,0,0.022,0.055,0.074,0,95,11,0.13,Other,0.116
2021,Brighton,Pascal Groß,22.6,2034.0000000000002,2.48,9.12,1.64,0.13,0.17982456140350878,0.149,0.5,0.215,0.149,0.44,0.375,84,8,0.097,Starter,0.095
2021,Brighton,Solly March,19.4,1745.9999999999998,2.27,4.54,0.72,0,0.15859030837004404,0.064,0.17,0.045,0.064,0.167,0,84,8,0.097,Starter,0.095
2021,Brighton,Alexis Mac Allister,23.6,2124,2.42,3.31,0.42,0.08,0.12688821752265861,0.057,0.23,0.071,0.057,0.119,0.25,84,8,0.097,Starter,0.095
2021,Burnley,Dwight McNeil,34.5,3105,1.8,3.07,0.64,0.06,0.20846905537459284,0.083,0.262,0.212,0.083,0.293,0.222,75,9,0.113,Starter,0.12
2021,Burnley,Ashley Westwood,25.4,2286,1.61,7.2,0.71,0.08,0.098611111111111108,0.144,0.399,0.226,0.144,0.24,0.222,75,9,0.113,Starter,0.12
2021,Burnley,Josh Brownhill,32.8,2951.9999999999995,1.52,2.13,0.55,0.06,0.25821596244131456,0.055,0.12,0.101,0.055,0.24,0.222,75,9,0.113,Starter,0.12
2021,Chelsea,Mason Mount,26.3,2367,3.04,4.3,0.84,0.19,0.19534883720930232,0.08,0.373,0.042,0.08,0.355,0.556,62,9,0.058,Starter,0.145
2021,Chelsea,Marcos Alonso,24.1,2169,2.74,12.16,0.66,0.08,0.054276315789473686,0.208,0.278,0.071,0.208,0.258,0.222,62,9,0.058,Starter,0.145
2021,Chelsea,Ben Chilwell,6,540,1.67,13.33,1.17,0.17,0.087771942985746434,0.057,0.104,0.029,0.057,0.113,0.111,62,9,0.058,Starter,0.145
2021,Chelsea,Reece James,20.7,1863,3.33,11.79,0.34,0.05,0.028837998303647163,0.173,0.062,0.087,0.173,0.113,0.111,62,9,0.058,Starter,0.145
2021,Chelsea,Ross Barkley,2,180,6.5,3.5,1.5,0,0.42857142857142855,0.005,0.029,0,0.005,0.048,0,62,9,0.058,Other,0.145
2021,Crystal Palace,Conor Gallagher,31.6,2844,1.52,4.78,0.76,0,0.15899581589958159,0.097,0.354,0.157,0.097,0.381,0,63,3,0.089,Starter,0.048
2021,Crystal Palace,Luka Milivojević,8.6,774,0.93,5.7,1.16,0,0.20350877192982453,0.032,0.166,0.045,0.032,0.159,0,63,3,0.089,Starter,0.048
2021,Crystal Palace,Eberechi Eze,6.7,603,1.79,4.93,1.19,0.15,0.2413793103448276,0.021,0.091,0.027,0.021,0.127,0.333,63,3,0.089,Starter,0.048
2021,Everton,Demarai Gray,26,2340,1.92,4.08,0.58,0.04,0.14215686274509803,0.08,0.348,0.114,0.08,0.231,0.25,65,4,0.089,Starter,0.062
2021,Everton,Anthony Gordon,25.4,2286,1.5,3.5,0.55,0.08,0.15714285714285717,0.068,0.311,0.092,0.068,0.215,0.5,65,4,0.089,Starter,0.062
2021,Everton,Andros Townsend,16.2,1458,2.41,3.46,0.56,0,0.161849710982659,0.042,0.155,0.066,0.042,0.138,0,65,4,0.089,Starter,0.062
2021,Everton,Lucas Digne,13,1170,1.77,12.38,0.69,0,0.055735056542810975,0.122,0.13,0.07,0.122,0.138,0,65,4,0.089,Starter,0.062
2021,Leeds United,Raphinha,32.4,2916,2.38,5.8,0.77,0,0.13275862068965519,0.132,0.447,0.136,0.132,0.373,0,67,2,0.082,Starter,0.03
2021,Leeds United,Stuart Dallas,32.4,2916,1.42,9.94,0.56,0,0.056338028169014093,0.226,0.312,0.133,0.226,0.269,0,67,2,0.082,Starter,0.03
2021,Leeds United,Jack Harrison,29.3,2637,1.88,1.88,0.24,0,0.1276595744680851,0.039,0.141,0.015,0.039,0.104,0,67,2,0.082,Starter,0.03
2021,Leicester City,James Maddison,27.3,2457,2.38,5.24,0.51,0.04,0.097328244274809156,0.104,0.427,0.151,0.104,0.341,0.333,41,3,0.056,Starter,0.073
2021,Leicester City,Luke Thomas,21.2,1908,0.8,10.9,0.28,0,0.025688073394495414,0.169,0.011,0.038,0.169,0.146,0,41,3,0.056,Starter,0.073
2021,Leicester City,Youri Tielemans,29.2,2628,2.74,3.25,0.17,0,0.052307692307692312,0.069,0.141,0.155,0.069,0.122,0,41,3,0.056,Starter,0.073
2021,Leicester City,Kiernan Dewsbury-Hall,23.4,2106,2.48,2.18,0.21,0.04,0.09633027522935779,0.037,0.141,0.038,0.037,0.122,0.333,41,3,0.056,Starter,0.073
2021,Liverpool,Trent Alexander-Arnold,31.7,2853,3.03,17.29,1.67,0.13,0.096587622903412385,0.366,0.465,0.251,0.366,0.505,0.444,105,9,0.084,Starter,0.086
2021,Liverpool,Andrew Robertson,28.2,2538,2.87,12.62,0.85,0.11,0.067353407290015849,0.238,0.287,0.151,0.238,0.229,0.333,105,9,0.084,Starter,0.086
2021,Liverpool,Kostas Tsimikas,9.7,872.99999999999989,2.68,13.51,1.34,0.1,0.099185788304959291,0.088,0.156,0.03,0.088,0.124,0.111,105,9,0.084,Starter,0.086
2021,Liverpool,James Milner,9.5,855,3.05,6.32,0.84,0.11,0.13291139240506328,0.04,0.05,0.043,0.04,0.076,0.111,105,9,0.084,Other,0.086
2021,Manchester City,Kevin De Bruyne,24.5,2205,4.29,6.9,1.22,0.12,0.17681159420289855,0.12,0.304,0.133,0.12,0.385,0.3,78,10,0.061,Starter,0.128
2021,Manchester City,İlkay Gündoğan,20.6,1854.0000000000002,2.91,3.93,0.68,0,0.17302798982188294,0.057,0.161,0.065,0.057,0.179,0,78,10,0.061,Starter,0.128
2021,Manchester City,Phil Foden,23.6,2124,2.67,4.41,0.55,0.13,0.12471655328798187,0.074,0.206,0.052,0.074,0.167,0.3,78,10,0.061,Starter,0.128
2021,Manchester City,Riyad Mahrez,16.6,1494.0000000000002,3.31,5.96,0.72,0.12,0.12080536912751677,0.07,0.222,0.03,0.07,0.154,0.2,78,10,0.061,Starter,0.128
2021,Manchester Utd,Luke Shaw,17.8,1602,2.53,12.53,1.18,0.06,0.09417398244213887,0.167,0.279,0.047,0.167,0.323,0.167,65,6,0.071,Starter,0.092
2021,Manchester Utd,Bruno Fernandes,34.6,3114,3.32,5.2,0.55,0,0.10576923076923077,0.135,0.345,0.123,0.135,0.292,0,65,6,0.071,Starter,0.092
2021,Manchester Utd,Alex Telles,18.4,1655.9999999999998,1.47,11.52,0.98,0.22,0.085069444444444448,0.159,0.259,0.073,0.159,0.277,0.667,65,6,0.071,Starter,0.092
2021,Newcastle Utd,Matt Ritchie,14.9,1341,1.48,12.28,1.48,0.07,0.12052117263843648,0.143,0.3,0.119,0.143,0.278,0.25,79,4,0.105,Starter,0.051
2021,Newcastle Utd,Matt Targett,16,1440,1.31,13.63,0.94,0.06,0.068965517241379309,0.17,0.225,0.093,0.17,0.19,0.25,79,4,0.105,Starter,0.051
2021,Newcastle Utd,Ryan Fraser,16.3,1467,2.09,2.7,0.61,0.06,0.22592592592592592,0.034,0.181,0.033,0.034,0.127,0.25,79,4,0.105,Starter,0.051
2021,Newcastle Utd,Kieran Trippier,4.8,432,0.42,18.13,1.88,0,0.10369553226696084,0.068,0.094,0.071,0.068,0.114,0,79,4,0.105,Starter,0.051
2021,Norwich City,Billy Gilmour,20.6,1854.0000000000002,1.46,6.31,1.12,0.05,0.17749603803486533,0.094,0.388,0.126,0.094,0.359,0.5,64,2,0.101,Starter,0.031
2021,Norwich City,Milot Rashica,24.8,2232,1.49,3.15,0.56,0.04,0.17777777777777781,0.056,0.261,0.071,0.056,0.219,0.5,64,2,0.101,Starter,0.031
2021,Norwich City,Kieran Dowell,10.1,909,1.88,2.77,0.69,0,0.24909747292418771,0.02,0.097,0.034,0.02,0.109,0,64,2,0.101,Starter,0.031
2021,Southampton,James Ward-Prowse,35.7,3213.0000000000005,1.99,9.24,1.48,0.11,0.16017316017316016,0.237,0.91,0.347,0.237,0.815,0.8,65,5,0.08,Starter,0.077
2021,Tottenham,Son Heung-min,33.4,3006,2.46,6.2,1.05,0.09,0.16935483870967744,0.155,0.813,0.097,0.155,0.686,1,51,3,0.058,Starter,0.059
2021,Watford,Kiko Femenía,23.8,2142,1.39,12.94,0.46,0.04,0.035548686244204021,0.231,0.23,0.116,0.231,0.186,0.2,59,5,0.086,Starter,0.085
2021,Watford,Imran Louza,15.7,1413,1.02,5.35,0.7,0,0.13084112149532709,0.063,0.193,0.159,0.063,0.186,0,59,5,0.086,Starter,0.085
2021,Watford,Tom Cleverley,18,1620,1.22,4.83,0.56,0.06,0.11594202898550726,0.065,0.199,0.108,0.065,0.169,0.2,59,5,0.086,Starter,0.085
2021,Watford,Ken Sema,9.5,855,0.74,2.32,0.95,0.11,0.40948275862068967,0.016,0.056,0.032,0.016,0.153,0.2,59,5,0.086,Starter,0.085
2021,West Ham,Aaron Cresswell,30.3,2727,1.02,11.55,0.66,0.13,0.057142857142857141,0.268,0.255,0.285,0.268,0.303,0.4,66,10,0.086,Starter,0.152
2021,West Ham,Jarrod Bowen,33.1,2979,1.69,3.32,0.48,0.09,0.14457831325301204,0.084,0.425,0.077,0.084,0.242,0.3,66,10,0.086,Starter,0.152
2021,West Ham,Vladimír Coufal,24.5,2205,1.59,12,0.41,0,0.034166666666666665,0.225,0.005,0.072,0.225,0.152,0,66,10,0.086,Starter,0.152
2021,West Ham,Pablo Fornals,31.1,2799,2.77,2.35,0.29,0.03,0.12340425531914892,0.056,0.205,0.021,0.056,0.136,0.1,66,10,0.086,Starter,0.152
2021,Wolves,João Moutinho,33,2970,1.61,5.58,0.67,0.03,0.12007168458781363,0.143,0.458,0.298,0.143,0.512,0.333,43,3,0.063,Starter,0.07
2021,Wolves,Rayan Aït-Nouri,20.3,1827,1.48,10.39,0.39,0.05,0.037536092396535131,0.164,0.173,0.031,0.164,0.186,0.333,43,3,0.063,Starter,0.07
2020,Arsenal,Willian,15.6,1404,2.69,6.6,0.83,0.13,0.12575757575757576,0.078,0.348,0.059,0.078,0.295,1,44,2,0.054,Starter,0.045
2020,Arsenal,Bukayo Saka,28.4,2556,2.5,4.01,0.42,0,0.10473815461346633,0.087,0.304,0.057,0.087,0.273,0,44,2,0.054,Starter,0.045
2020,Aston Villa,Ross Barkley,17,1530,2.59,6.35,1.12,0.06,0.17637795275590554,0.07,0.263,0.046,0.07,0.209,0.125,91,8,0.097,Starter,0.088
2020,Aston Villa,Matt Targett,37.8,3401.9999999999995,1.53,11.16,0.5,0.05,0.044802867383512544,0.275,0.066,0.134,0.275,0.209,0.25,91,8,0.097,Starter,0.088
2020,Aston Villa,Jack Grealish,24.3,2187,4.98,5.1,0.58,0,0.11372549019607843,0.081,0.202,0.084,0.081,0.154,0,91,8,0.097,Starter,0.088
2020,Aston Villa,Bertrand Traoré,25.7,2313,1.67,3.27,0.47,0.04,0.14373088685015289,0.055,0.197,0.086,0.055,0.132,0.125,91,8,0.097,Starter,0.088
2020,Aston Villa,Conor Hourihane,2.5,225,1.6,14.8,1.6,0.4,0.10810810810810811,0.024,0.07,0.037,0.024,0.044,0.125,91,8,0.097,Other,0.088
2020,Brighton,Pascal Groß,27.6,2484,2.68,9.42,1.59,0.11,0.16878980891719747,0.186,0.626,0.192,0.186,0.587,0.5,75,6,0.089,Starter,0.08
2020,Brighton,Leandro Trossard,29,2610,2.76,2.34,0.45,0.1,0.19230769230769232,0.049,0.155,0.067,0.049,0.173,0.5,75,6,0.089,Starter,0.08
2020,Brighton,Solly March,18.6,1674.0000000000002,2.37,10.48,0.43,0,0.041030534351145037,0.139,0.183,0.055,0.139,0.107,0,75,6,0.089,Starter,0.08
2020,Burnley,Ashley Westwood,37.9,3411,1.98,7.44,0.74,0.05,0.099462365591397844,0.22,0.517,0.313,0.22,0.418,0.333,67,6,0.103,Starter,0.09
2020,Burnley,Dwight McNeil,34.1,3069,1.44,4.63,0.76,0.09,0.16414686825053995,0.123,0.424,0.242,0.123,0.388,0.5,67,6,0.103,Starter,0.09
2020,Chelsea,Mason Mount,32.1,2889,3.02,6.2,1.43,0.12,0.23064516129032256,0.143,0.558,0.092,0.143,0.575,0.667,80,6,0.079,Starter,0.075
2020,Chelsea,Ben Chilwell,25.4,2286,1.73,11.69,0.47,0,0.040205303678357569,0.213,0.142,0.106,0.213,0.15,0,80,6,0.079,Starter,0.075
2020,Chelsea,Reece James,26.4,2376,2.27,8.9,0.34,0.04,0.038202247191011236,0.169,0.146,0.061,0.169,0.113,0.167,80,6,0.079,Starter,0.075
2020,Crystal Palace,Andros Townsend,25.1,2259,1.67,4.1,0.76,0.08,0.18536585365853661,0.074,0.371,0.099,0.074,0.358,0.4,53,5,0.086,Starter,0.094
2020,Crystal Palace,Eberechi Eze,28.4,2556,2.11,4.72,0.53,0.07,0.11228813559322035,0.096,0.417,0.099,0.096,0.283,0.4,53,5,0.086,Starter,0.094
2020,Crystal Palace,Luka Milivojević,26.2,2358,1.18,3.78,0.53,0,0.14021164021164023,0.071,0.152,0.182,0.071,0.264,0,53,5,0.086,Starter,0.094
2020,Everton,Gylfi Sigurðsson,25,2250,1.68,5.2,0.92,0.08,0.17692307692307693,0.105,0.359,0.111,0.105,0.359,0.222,64,9,0.091,Starter,0.141
2020,Everton,Lucas Digne,29.8,2682,1.74,11.91,0.6,0.1,0.05037783375314861,0.287,0.263,0.21,0.287,0.281,0.333,64,9,0.091,Starter,0.141
2020,Everton,James Rodríguez,19.6,1764.0000000000002,2.35,7.81,0.77,0.2,0.098591549295774655,0.124,0.347,0.148,0.124,0.234,0.444,64,9,0.091,Starter,0.141
2020,Fulham,Ademola Lookman,30.5,2745,2.69,5.25,0.79,0.07,0.15047619047619049,0.114,0.512,0.1,0.114,0.375,1,64,2,0.082,Starter,0.031
2020,Fulham,Ivan Cavaleiro,27.5,2475,2.07,3.09,0.62,0,0.20064724919093851,0.06,0.256,0.07,0.06,0.266,0,64,2,0.082,Starter,0.031
2020,Fulham,Tom Cairney,8.4,756,2.86,4.52,0.95,0,0.2101769911504425,0.027,0.098,0.054,0.027,0.125,0,64,2,0.082,Starter,0.031
2020,Leeds United,Raphinha,26.2,2358,2.6,5.88,0.99,0.11,0.1683673469387755,0.102,0.406,0.114,0.102,0.366,0.5,71,6,0.078,Starter,0.085
2020,Leeds United,Kalvin Phillips,27,2430,1.52,4.56,0.78,0,0.1710526315789474,0.082,0.249,0.164,0.082,0.296,0,71,6,0.078,Starter,0.085
2020,Leeds United,Jack Harrison,31.6,2844,3.04,1.99,0.25,0.03,0.12562814070351758,0.042,0.166,0.024,0.042,0.113,0.167,71,6,0.078,Starter,0.085
2020,Leicester City,James Maddison,23.3,2097,2.7,6.7,0.94,0,0.14029850746268654,0.115,0.368,0.181,0.115,0.449,0,49,3,0.057,Starter,0.061
2020,Leicester City,Youri Tielemans,37.3,3356.9999999999995,2.57,5.04,0.4,0,0.079365079365079375,0.138,0.467,0.237,0.138,0.306,0,49,3,0.057,Starter,0.061
2020,Leicester City,Marc Albrighton,19.4,1745.9999999999998,3.04,5,0.26,0.1,0.052000000000000005,0.071,0.137,0.025,0.071,0.102,0.667,49,3,0.057,Starter,0.061
2020,Liverpool,Trent Alexander-Arnold,33.7,3033.0000000000005,2.49,14.48,1.01,0.06,0.069751381215469616,0.329,0.412,0.166,0.329,0.486,0.333,70,6,0.066,Starter,0.086
2020,Liverpool,Andrew Robertson,37.6,3384,2.5,13.86,0.61,0.05,0.044011544011544015,0.351,0.463,0.24,0.351,0.329,0.333,70,6,0.066,Starter,0.086
2020,Manchester City,Kevin De Bruyne,22.2,1998,4.59,6.26,1.04,0,0.1661341853035144,0.104,0.352,0.119,0.104,0.383,0,60,3,0.057,Starter,0.05
2020,Manchester City,Riyad Mahrez,21.7,1953,2.9,3.13,0.41,0.05,0.13099041533546327,0.051,0.174,0.031,0.051,0.15,0.333,60,3,0.057,Starter,0.05
2020,Manchester City,Phil Foden,18,1620,2.5,3.5,0.44,0,0.12571428571428572,0.047,0.198,0.008,0.047,0.133,0,60,3,0.057,Starter,0.05
2020,Manchester Utd,Luke Shaw,29.5,2655,2.54,13.08,1.12,0.07,0.085626911314984719,0.272,0.492,0.071,0.272,0.458,0.4,72,5,0.076,Starter,0.069
2020,Manchester Utd,Bruno Fernandes,34.4,3096,3.95,6.4,0.61,0.03,0.0953125,0.155,0.299,0.166,0.155,0.292,0.2,72,5,0.076,Starter,0.069
2020,Manchester Utd,Alex Telles,7.7,693,1.3,13.77,1.3,0.13,0.0944081336238199,0.075,0.142,0.021,0.075,0.139,0.2,72,5,0.076,Starter,0.069
2020,Newcastle Utd,Jonjo Shelvey,29.1,2619,1.34,5.15,0.86,0.14,0.16699029126213591,0.116,0.298,0.283,0.116,0.298,0.571,84,7,0.123,Starter,0.083
2020,Newcastle Utd,Matt Ritchie,15,1350,1.53,9.07,1.13,0.07,0.12458654906284453,0.105,0.236,0.106,0.105,0.202,0.143,84,7,0.123,Starter,0.083
2020,Newcastle Utd,Ryan Fraser,10.3,927.00000000000011,2.04,6.21,1.26,0.1,0.20289855072463769,0.049,0.28,0.032,0.049,0.155,0.143,84,7,0.123,Starter,0.083
2020,Sheffield Utd,John Fleck,28.6,2574,1.78,4.16,0.52,0.03,0.125,0.096,0.359,0.145,0.096,0.326,0.333,46,3,0.082,Starter,0.065
2020,Sheffield Utd,Oliver Norwood,24.7,2223,1.54,5.34,0.57,0,0.10674157303370786,0.107,0.376,0.313,0.107,0.304,0,46,3,0.082,Starter,0.065
2020,Sheffield Utd,John Lundstram,22.6,2034.0000000000002,1.81,3.36,0.22,0.04,0.065476190476190479,0.062,0.147,0.07,0.062,0.109,0.333,46,3,0.082,Starter,0.065
2020,Southampton,James Ward-Prowse,38,3420,1.39,9,1.21,0.18,0.13444444444444445,0.235,0.938,0.361,0.235,0.73,0.875,63,8,0.087,Starter,0.127
2020,Southampton,Ryan Bertrand,28.9,2601,1,12.01,0.38,0,0.031640299750208163,0.239,0.04,0.161,0.239,0.175,0,63,8,0.087,Starter,0.127
2020,Tottenham,Son Heung-min,34.6,3114,2.4,4.48,0.81,0.06,0.18080357142857142,0.11,0.571,0.088,0.11,0.519,0.333,54,6,0.069,Starter,0.111
2020,Tottenham,Gareth Bale,10.2,917.99999999999989,2.55,2.84,0.69,0.1,0.24295774647887322,0.021,0.077,0.017,0.021,0.13,0.167,54,6,0.069,Starter,0.111
2020,West Brom,Matheus Pereira,28.6,2574,2.69,6.43,0.91,0,0.14152410575427685,0.147,0.59,0.284,0.147,0.448,0,58,3,0.103,Starter,0.052
2020,West Brom,Matt Phillips,20.3,1827,1.63,1.77,0.34,0,0.192090395480226,0.029,0.118,0.034,0.029,0.121,0,58,3,0.103,Starter,0.052
2020,West Brom,Darnell Furlong,32.6,2934,0.64,9.05,0.21,0,0.02320441988950276,0.236,0,0.057,0.236,0.121,0,58,3,0.103,Starter,0.052
2020,West Brom,Conor Gallagher,28.1,2529,1.03,2.14,0.25,0.04,0.11682242990654206,0.048,0.188,0.057,0.048,0.121,0.333,58,3,0.103,Starter,0.052
2020,West Ham,Aaron Cresswell,35.2,3168.0000000000005,1.45,12.7,1.25,0.14,0.0984251968503937,0.35,0.521,0.357,0.35,0.494,0.417,89,12,0.109,Starter,0.135
2020,West Ham,Vladimír Coufal,33.9,3051,1.83,10.5,0.38,0,0.03619047619047619,0.279,0,0.095,0.279,0.146,0,89,12,0.109,Starter,0.135
2020,West Ham,Jarrod Bowen,28.5,2565,1.47,2.81,0.42,0.11,0.1494661921708185,0.063,0.353,0.018,0.063,0.135,0.25,89,12,0.109,Starter,0.135
2020,Wolves,Pedro Neto,28.3,2547,2.33,5.55,0.99,0.07,0.17837837837837839,0.113,0.385,0.109,0.113,0.378,0.5,74,4,0.09,Starter,0.054
2020,Wolves,João Moutinho,28.1,2529,2.21,7.12,0.96,0.07,0.1348314606741573,0.144,0.486,0.259,0.144,0.365,0.5,74,4,0.09,Starter,0.054
2019,Arsenal,Mesut Özil,16,1440,3.19,5.63,1.13,0.06,0.20071047957371224,0.06,0.247,0.079,0.06,0.305,0.2,59,5,0.083,Starter,0.085
2019,Arsenal,Nicolas Pépé,22.3,2007,1.75,3.81,0.72,0.09,0.1889763779527559,0.057,0.286,0.021,0.057,0.271,0.4,59,5,0.083,Starter,0.085
2019,Arsenal,Dani Ceballos,18.8,1692,2.02,5.64,0.53,0.05,0.09397163120567377,0.071,0.273,0.091,0.071,0.169,0.2,59,5,0.083,Starter,0.085
2019,Aston Villa,Conor Hourihane,17,1530,1.71,9.76,1.59,0.24,0.16290983606557377,0.11,0.275,0.184,0.11,0.31,0.5,87,8,0.106,Starter,0.092
2019,Aston Villa,Jack Grealish,35.9,3231,3.79,5.91,0.56,0.03,0.09475465313028765,0.14,0.385,0.194,0.14,0.23,0.125,87,8,0.106,Starter,0.092
2019,Aston Villa,John McGinn,25.7,2313,2.65,3.27,0.35,0.08,0.10703363914373087,0.056,0.12,0.068,0.056,0.103,0.25,87,8,0.106,Starter,0.092
2019,Bournemouth,Diego Rico,25.9,2331,1.12,14.71,1.12,0.12,0.07613868116927261,0.272,0.397,0.173,0.272,0.426,0.5,68,6,0.102,Starter,0.088
2019,Bournemouth,Ryan Fraser,23,2070,2.3,5.57,0.78,0.13,0.14003590664272891,0.091,0.33,0.105,0.091,0.265,0.5,68,6,0.102,Starter,0.088
2019,Bournemouth,Junior Stanislas,7.9,711,2.03,4.68,0.89,0,0.19017094017094019,0.026,0.088,0.038,0.026,0.103,0,68,6,0.102,Starter,0.088
2019,Brighton,Pascal Groß,20,1800,3.1,7.45,1.65,0.2,0.22147651006711408,0.102,0.455,0.148,0.102,0.452,0.444,73,9,0.091,Starter,0.123
2019,Brighton,Aaron Mooy,23.2,2088,2.41,3.49,0.56,0.04,0.16045845272206305,0.055,0.298,0.068,0.055,0.178,0.111,73,9,0.091,Starter,0.123
2019,Brighton,Leandro Trossard,22.3,2007,2.91,2.02,0.49,0.09,0.24257425742574257,0.031,0.067,0.05,0.031,0.151,0.222,73,9,0.091,Starter,0.123
2019,Burnley,Ashley Westwood,35,3150,2,6.4,0.86,0.14,0.134375,0.163,0.547,0.264,0.163,0.395,0.5,76,10,0.116,Starter,0.132
2019,Burnley,Dwight McNeil,37.1,3339,1.78,3.42,0.7,0.05,0.2046783625730994,0.093,0.353,0.232,0.093,0.342,0.2,76,10,0.116,Starter,0.132
2019,Chelsea,Willian,28.9,2601,3.84,4.74,1.11,0.03,0.23417721518987342,0.088,0.449,0.052,0.088,0.372,0.167,86,6,0.077,Starter,0.07
2019,Chelsea,Mason Mount,31.9,2871,2.45,4.8,0.94,0.13,0.19583333333333333,0.098,0.324,0.159,0.098,0.349,0.667,86,6,0.077,Starter,0.07
2019,Crystal Palace,Luka Milivojević,27.9,2511,0.97,9.25,0.97,0.04,0.10486486486486486,0.166,0.559,0.362,0.166,0.409,0.333,66,3,0.103,Starter,0.045
2019,Crystal Palace,Patrick van Aanholt,27.9,2511,1.22,13.84,0.82,0.04,0.059248554913294796,0.248,0.254,0.15,0.248,0.348,0.333,66,3,0.103,Starter,0.045
2019,Crystal Palace,James McCarthy,18.7,1683,0.86,3.32,0.64,0.05,0.19277108433734941,0.04,0.124,0.084,0.04,0.182,0.333,66,3,0.103,Starter,0.045
2019,Everton,Lucas Digne,33.7,3033.0000000000005,2.2,16.05,1.22,0.06,0.076012461059190031,0.365,0.532,0.199,0.365,0.482,0.5,85,4,0.106,Starter,0.047
2019,Everton,Gylfi Sigurðsson,28.4,2556,1.37,5.28,1.13,0.07,0.21401515151515149,0.101,0.35,0.134,0.101,0.376,0.5,85,4,0.106,Starter,0.047
2019,Everton,Leighton Baines,4.5,405,2,11.33,1.11,0,0.097969991173874671,0.034,0.054,0.019,0.034,0.059,0,85,4,0.106,Other,0.047
2019,Leicester City,James Maddison,29.2,2628,2.88,8.84,1.58,0.07,0.17873303167420815,0.166,0.71,0.232,0.166,0.657,0.667,70,3,0.073,Starter,0.043
2019,Liverpool,Trent Alexander-Arnold,35.3,3176.9999999999995,2.63,18.27,1.44,0.2,0.078817733990147784,0.411,0.63,0.241,0.411,0.662,0.636,77,11,0.074,Starter,0.143
2019,Liverpool,Andrew Robertson,34.6,3114,3.06,11.16,0.43,0.06,0.038530465949820784,0.246,0.163,0.15,0.246,0.195,0.182,77,11,0.074,Starter,0.143
2019,Liverpool,Xherdan Shaqiri,2.1,189,1.43,6.19,0.95,0,0.15347334410339256,0.008,0.023,0.006,0.008,0.026,0,77,11,0.074,Other,0.143
2019,Manchester City,Kevin De Bruyne,31,2790,5.29,8.55,1.35,0.06,0.15789473684210525,0.196,0.587,0.171,0.196,0.583,0.333,72,6,0.053,Starter,0.083
2019,Manchester City,Riyad Mahrez,21.6,1944.0000000000002,4.26,3.56,0.74,0.09,0.20786516853932585,0.057,0.185,0.04,0.057,0.222,0.333,72,6,0.053,Starter,0.083
2019,Manchester Utd,Ashley Young,10.6,954,1.32,16.7,1.32,0,0.079041916167664678,0.119,0.176,0.067,0.119,0.28,0,50,4,0.051,Starter,0.08
2019,Manchester Utd,Bruno Fernandes,13.2,1188,2.73,7.5,0.76,0.23,0.10133333333333333,0.067,0.275,0.062,0.067,0.2,0.75,50,4,0.051,Starter,0.08
2019,Manchester Utd,Fred,24,2160,2.92,4.5,0.29,0,0.064444444444444443,0.073,0.206,0.142,0.073,0.14,0,50,4,0.051,Starter,0.08
2019,Newcastle Utd,Matt Ritchie,14.6,1314,1.51,10.62,1.99,0,0.18738229755178909,0.122,0.377,0.08,0.122,0.387,0,75,6,0.107,Starter,0.08
2019,Newcastle Utd,Jonjo Shelvey,23.5,2115,2.38,6.21,0.77,0.09,0.12399355877616748,0.115,0.404,0.19,0.115,0.24,0.333,75,6,0.107,Starter,0.08
2019,Newcastle Utd,Sean Longstaff,15.3,1377,1.37,3.66,0.59,0,0.16120218579234971,0.044,0.079,0.132,0.044,0.12,0,75,6,0.107,Starter,0.08
2019,Norwich City,Emi Buendía,27.4,2466,3.47,7.37,1.2,0.07,0.16282225237449116,0.145,0.673,0.202,0.145,0.589,1,56,2,0.078,Starter,0.036
2019,Norwich City,Ondrej Duda,8,720,2.13,4.75,1,0,0.21052631578947367,0.027,0.167,0.029,0.027,0.143,0,56,2,0.078,Starter,0.036
2019,Norwich City,Kenny McLean,33,2970,1.73,2.67,0.18,0,0.06741573033707865,0.063,0.117,0.14,0.063,0.107,0,56,2,0.078,Starter,0.036
2019,Sheffield Utd,Oliver Norwood,34.3,3086.9999999999995,1.4,6.56,0.85,0.06,0.12957317073170732,0.159,0.561,0.411,0.159,0.492,1,59,2,0.094,Starter,0.034
2019,Sheffield Utd,John Fleck,28,2520,2,4.79,0.57,0,0.11899791231732776,0.095,0.377,0.12,0.095,0.271,0,59,2,0.094,Starter,0.034
2019,Southampton,James Ward-Prowse,38,3420,1.39,9.87,1.29,0.05,0.13069908814589667,0.239,0.871,0.279,0.239,0.69,0.667,71,3,0.085,Starter,0.042
2019,Southampton,Ryan Bertrand,30.5,2745,1.67,13.67,0.59,0.03,0.043160204828090708,0.266,0.119,0.154,0.266,0.254,0.333,71,3,0.085,Starter,0.042
2019,Tottenham,Christian Eriksen,12.2,1098,2.62,6.89,0.9,0.08,0.13062409288824384,0.057,0.235,0.057,0.057,0.262,0.333,42,3,0.054,Starter,0.071
2019,Tottenham,Giovani Lo Celso,16.6,1494.0000000000002,3.13,5.96,0.66,0,0.11073825503355705,0.067,0.2,0.119,0.067,0.262,0,42,3,0.054,Starter,0.071
2019,Tottenham,Son Heung-min,27.5,2475,2.33,2.91,0.22,0.04,0.07560137457044673,0.054,0.24,0.032,0.054,0.143,0.333,42,3,0.054,Starter,0.071
2019,Tottenham,Érik Lamela,13.5,1215,2.22,4.15,0.37,0.07,0.089156626506024086,0.038,0.2,0.02,0.038,0.119,0.333,42,3,0.054,Starter,0.071
2019,Watford,Will Hughes,25,2250,1.32,2.44,0.64,0.04,0.26229508196721313,0.046,0.216,0.109,0.046,0.242,0.167,66,6,0.092,Starter,0.091
2019,Watford,José Holebas,11.4,1026,0.88,16.58,1.05,0.09,0.063329312424607972,0.142,0.234,0.072,0.142,0.182,0.167,66,6,0.092,Starter,0.091
2019,Watford,Gerard Deulofeu,23.3,2097,2.45,3.78,0.47,0,0.12433862433862433,0.066,0.204,0.136,0.066,0.167,0,66,6,0.092,Starter,0.091
2019,West Ham,Robert Snodgrass,16.8,1512,1.07,6.25,1.55,0.24,0.248,0.074,0.384,0.101,0.074,0.333,0.571,78,7,0.106,Starter,0.09
2019,West Ham,Manuel Lanzini,15.3,1377,2.68,4.18,0.85,0,0.20334928229665072,0.045,0.174,0.065,0.045,0.167,0,78,7,0.106,Starter,0.09
2019,West Ham,Mark Noble,29.7,2673,2.02,4.21,0.4,0.03,0.095011876484560581,0.089,0.068,0.225,0.089,0.154,0.143,78,7,0.106,Starter,0.09
2019,West Ham,Aaron Cresswell,30.3,2727,1.22,12.67,0.26,0,0.02052091554853986,0.272,0.1,0.147,0.272,0.103,0,78,7,0.106,Starter,0.09
2019,Wolves,João Moutinho,34.5,3105,1.97,9.71,1.62,0.09,0.16683831101956745,0.236,0.876,0.479,0.236,0.8,0.5,70,6,0.088,Starter,0.086
2018,Arsenal,Granit Xhaka,27.8,2502,2.16,8.2,0.72,0.14,0.0878048780487805,0.149,0.455,0.228,0.149,0.345,0.667,58,6,0.07,Starter,0.103
2018,Arsenal,Mesut Özil,19.3,1737,3.52,3.89,0.67,0,0.17223650385604114,0.049,0.182,0.067,0.049,0.224,0,58,6,0.07,Starter,0.103
2018,Arsenal,Henrikh Mkhitaryan,18.2,1638,3.08,3.74,0.55,0,0.14705882352941177,0.044,0.22,0.026,0.044,0.172,0,58,6,0.07,Starter,0.103
2018,Arsenal,Lucas Torreira,26.5,2385,1.17,2.57,0.26,0.08,0.10116731517509729,0.044,0.11,0.091,0.044,0.121,0.333,58,6,0.07,Starter,0.103
2018,Bournemouth,Ryan Fraser,35.2,3168.0000000000005,2.56,6.11,1.22,0.23,0.19967266775777412,0.141,0.607,0.145,0.141,0.537,0.889,80,9,0.102,Starter,0.113
2018,Brighton,Pascal Groß,20.7,1863,2.22,6.47,1.45,0.1,0.22411128284389489,0.098,0.391,0.208,0.098,0.345,0.222,87,9,0.135,Starter,0.103
2018,Brighton,Anthony Knockaert,20.4,1835.9999999999998,1.37,4.71,1.32,0.2,0.28025477707006369,0.07,0.295,0.175,0.07,0.31,0.444,87,9,0.135,Starter,0.103
2018,Brighton,Solly March,27.4,2466,1.68,3.07,0.4,0.04,0.13029315960912052,0.061,0.244,0.1,0.061,0.126,0.111,87,9,0.135,Starter,0.103
2018,Burnley,Dwight McNeil,17.7,1593,1.19,2.99,1.13,0.11,0.37792642140468219,0.039,0.158,0.126,0.039,0.27,0.25,74,8,0.122,Starter,0.108
2018,Burnley,Ashley Westwood,31.4,2826,1.85,4.27,0.54,0.03,0.12646370023419207,0.1,0.302,0.188,0.1,0.23,0.125,74,8,0.122,Starter,0.108
2018,Burnley,Jóhann Berg Guðmundsson,19.5,1755,2.05,4.15,0.87,0.05,0.20963855421686745,0.06,0.331,0.145,0.06,0.23,0.125,74,8,0.122,Starter,0.108
2018,Burnley,Charlie Taylor,36,3240,0.75,12.25,0.22,0.08,0.017959183673469388,0.329,0.029,0.082,0.329,0.108,0.375,74,8,0.122,Starter,0.108
2018,Cardiff City,Víctor Camarasa,28.5,2565,2,4.98,0.95,0.04,0.19076305220883533,0.107,0.458,0.198,0.107,0.293,0.25,92,4,0.135,Starter,0.043
2018,Cardiff City,Joe Ralls,21.8,1962,1.28,4.91,1.19,0.09,0.24236252545824846,0.08,0.292,0.221,0.08,0.283,0.5,92,4,0.135,Starter,0.043
2018,Cardiff City,Rhys Healey,0.6,54,3.33,6.67,3.33,0,0.49925037481259371,0.003,0,0,0.003,0.022,0,92,4,0.135,Other,0.043
2018,Chelsea,Willian,23.3,2097,3.78,6.7,1.5,0.09,0.22388059701492538,0.105,0.516,0.092,0.105,0.603,0.4,58,5,0.051,Starter,0.086
2018,Chelsea,Eden Hazard,32.5,2925,4.4,5.11,0.52,0.09,0.10176125244618395,0.112,0.428,0.127,0.112,0.293,0.6,58,5,0.051,Starter,0.086
2018,Crystal Palace,Luka Milivojević,38,3420,1.63,7.03,1.03,0.05,0.1465149359886202,0.188,0.698,0.369,0.188,0.574,0.333,68,6,0.08,Starter,0.088
2018,Crystal Palace,Patrick van Aanholt,35.5,3195,1.89,10.25,0.23,0.03,0.022439024390243905,0.256,0.01,0.149,0.256,0.118,0.167,68,6,0.08,Starter,0.088
2018,Crystal Palace,Andros Townsend,33.4,3006,3.2,2.66,0.24,0,0.090225563909774431,0.063,0.185,0.032,0.063,0.118,0,68,6,0.08,Starter,0.088
2018,Everton,Lucas Digne,32.9,2961,1.91,16.84,1.22,0.06,0.07244655581947744,0.348,0.414,0.259,0.348,0.465,0.4,86,5,0.103,Starter,0.058
2018,Everton,Gylfi Sigurðsson,34.6,3114,2.54,5.09,1.04,0.03,0.20432220039292731,0.11,0.488,0.161,0.11,0.419,0.2,86,5,0.103,Starter,0.058
2018,Everton,Leighton Baines,4.2,378,0.71,17.62,1.43,0.24,0.0811577752553916,0.046,0.037,0.037,0.046,0.07,0.2,86,5,0.103,Other,0.058
2018,Fulham,Jean Seri,24.9,2241,2.57,6.47,1.37,0.08,0.21174652241112832,0.117,0.578,0.189,0.117,0.493,0.667,69,3,0.086,Starter,0.043
2018,Fulham,Ryan Sessegnon,25.6,2304,1.8,3.95,0.43,0.04,0.10886075949367088,0.073,0.168,0.024,0.073,0.159,0.333,69,3,0.086,Starter,0.043
2018,Fulham,Joe Bryan,26.1,2349,1.26,10.11,0.34,0,0.033630069238377851,0.192,0.093,0.082,0.192,0.13,0,69,3,0.086,Starter,0.043
2018,Fulham,Ryan Babel,13.9,1251,2.23,2.01,0.5,0,0.24875621890547267,0.02,0.093,0.015,0.02,0.101,0,69,3,0.086,Starter,0.043
2018,Huddersfield,Aaron Mooy,25.9,2331,1.93,4.98,1,0.04,0.20080321285140559,0.084,0.463,0.133,0.084,0.366,0.25,71,4,0.105,Starter,0.056
2018,Huddersfield,Alex Pritchard,23.1,2079,2.64,3.77,0.52,0.09,0.13793103448275862,0.057,0.142,0.057,0.057,0.169,0.5,71,4,0.105,Starter,0.056
2018,Huddersfield,Philip Billing,24.3,2187,1.6,6.09,0.49,0.04,0.080459770114942528,0.096,0.012,0.051,0.096,0.169,0.25,71,4,0.105,Starter,0.056
2018,Huddersfield,Chris Löwe,22.9,2061,1.05,8.34,0.39,0,0.046762589928057555,0.124,0.21,0.109,0.124,0.127,0,71,4,0.105,Starter,0.056
2018,Leicester City,James Maddison,31.5,2835,2.76,8.06,1.71,0.06,0.21215880893300246,0.173,0.776,0.23,0.173,0.628,0.667,86,3,0.096,Starter,0.035
2018,Leicester City,Ben Chilwell,36,3240,1.75,12.06,0.33,0,0.02736318407960199,0.295,0.019,0.138,0.295,0.14,0,86,3,0.096,Starter,0.035
2018,Liverpool,James Milner,19.9,1790.9999999999998,2.21,12.11,1.46,0.05,0.12056151940545004,0.15,0.369,0.115,0.15,0.408,0.111,71,9,0.07,Starter,0.127
2018,Liverpool,Trent Alexander-Arnold,27.4,2466,2.26,16.39,0.88,0.18,0.053691275167785234,0.279,0.297,0.136,0.279,0.338,0.556,71,9,0.07,Starter,0.127
2018,Manchester City,İlkay Gündoğan,23.7,2133,3.16,5.19,0.8,0.04,0.15414258188824662,0.089,0.272,0.13,0.089,0.279,0.2,68,5,0.056,Starter,0.074
2018,Manchester City,Kevin De Bruyne,10.8,972.00000000000011,4.81,7.31,1.11,0.09,0.15184678522571821,0.057,0.171,0.07,0.057,0.176,0.2,68,5,0.056,Starter,0.074
2018,Manchester City,Leroy Sané,20.7,1863,2.56,2.8,0.43,0,0.15357142857142858,0.042,0.168,0.011,0.042,0.132,0,68,5,0.056,Starter,0.074
2018,Manchester City,David Silva,26.7,2403,4.64,2.21,0.3,0.04,0.13574660633484162,0.043,0.077,0.091,0.043,0.118,0.2,68,5,0.056,Starter,0.074
2018,Manchester City,Bernardo Silva,31.7,2853,3.56,2.68,0.22,0,0.082089552238805971,0.061,0.084,0.081,0.061,0.103,0,68,5,0.056,Starter,0.074
2018,Manchester Utd,Ashley Young,28.5,2565,1.47,17.33,1.09,0.07,0.062896710905943468,0.33,0.51,0.241,0.33,0.534,0.5,58,4,0.061,Starter,0.069
2018,Manchester Utd,Juan Mata,14.3,1287,3.57,4.83,0.49,0,0.10144927536231883,0.046,0.175,0.046,0.046,0.121,0,58,4,0.061,Starter,0.069
2018,Manchester Utd,Luke Shaw,28.8,2592,1.98,11.39,0.21,0.03,0.018437225636523263,0.219,0.075,0.067,0.219,0.103,0.25,58,4,0.061,Starter,0.069
2018,Newcastle Utd,Matt Ritchie,32.5,2925,1.88,11.57,1.02,0.09,0.0881590319792567,0.271,0.564,0.184,0.271,0.434,0.6,76,5,0.098,Starter,0.066
2018,Newcastle Utd,Ki Sung-yueng,14.5,1305,1.52,5.86,0.97,0,0.16552901023890784,0.061,0.21,0.16,0.061,0.184,0,76,5,0.098,Starter,0.066
2018,Newcastle Utd,Jonjo Shelvey,10.5,945,3.05,8.48,0.95,0,0.11202830188679244,0.064,0.171,0.188,0.064,0.132,0,76,5,0.098,Starter,0.066
2018,Newcastle Utd,DeAndre Yedlin,27.5,2475,1.45,10.47,0.29,0.07,0.0276981852913085,0.207,0,0.024,0.207,0.105,0.4,76,5,0.098,Starter,0.066
2018,Southampton,James Ward-Prowse,21.6,1944.0000000000002,1.48,7.87,1.39,0,0.17662007623888182,0.123,0.477,0.155,0.123,0.429,0,70,3,0.086,Starter,0.043
2018,Southampton,Matt Targett,13.2,1188,1.74,13.56,0.98,0.08,0.072271386430678458,0.13,0.104,0.058,0.13,0.186,0.333,70,3,0.086,Starter,0.043
2018,Southampton,Ryan Bertrand,24,2160,1.5,11.13,0.46,0.08,0.041329739442946989,0.194,0.155,0.083,0.194,0.157,0.667,70,3,0.086,Starter,0.043
2018,Tottenham,Christian Eriksen,30.8,2772,3.15,4.97,0.88,0.13,0.17706237424547286,0.101,0.345,0.153,0.101,0.342,0.444,79,9,0.085,Starter,0.114
2018,Tottenham,Kieran Trippier,25.3,2277,2.41,15.97,0.91,0.12,0.056981840951784594,0.268,0.376,0.124,0.268,0.291,0.333,79,9,0.085,Starter,0.114
2018,Tottenham,Érik Lamela,10.8,972.00000000000011,2.78,2.69,0.83,0.09,0.30855018587360594,0.019,0.103,0.013,0.019,0.114,0.111,79,9,0.085,Starter,0.114
2018,Watford,José Holebas,26.6,2394,0.86,17.93,1.32,0.11,0.0736196319018405,0.362,0.65,0.266,0.362,0.673,0.429,52,7,0.073,Starter,0.135
2018,West Ham,Robert Snodgrass,24.7,2223,2.02,6.48,1.7,0.12,0.26234567901234568,0.11,0.612,0.11,0.11,0.553,0.6,76,5,0.099,Starter,0.066
2018,West Ham,Felipe Anderson,33.8,3041.9999999999995,2.81,3.93,0.5,0,0.1272264631043257,0.092,0.261,0.165,0.092,0.224,0,76,5,0.099,Starter,0.066
2018,Wolves,João Moutinho,33.7,3033.0000000000005,2.67,7.98,1.36,0.18,0.17042606516290726,0.19,0.815,0.348,0.19,0.667,1,69,6,0.083,Starter,0.087
2017,Arsenal,Granit Xhaka,36.2,3258.0000000000005,2.35,4.97,0.52,0.14,0.10462776659959759,0.127,0.396,0.211,0.127,0.358,0.625,53,8,0.049,Starter,0.151
2017,Arsenal,Mesut Özil,24,2160,5.54,5.38,0.71,0.13,0.13197026022304834,0.091,0.338,0.09,0.091,0.321,0.375,53,8,0.049,Starter,0.151
2017,Arsenal,Alexis Sánchez,16.7,1503,4.67,3.47,0.36,0,0.10374639769452448,0.041,0.164,0.043,0.041,0.113,0,53,8,0.049,Starter,0.151
2017,Bournemouth,Jordon Ibe,22.2,1998,2.25,4.01,0.99,0.14,0.24688279301745636,0.057,0.261,0.063,0.057,0.289,0.429,76,7,0.094,Starter,0.092
2017,Bournemouth,Ryan Fraser,22.3,2007,2.33,6.01,0.54,0.04,0.089850249584026626,0.085,0.271,0.073,0.085,0.158,0.143,76,7,0.094,Starter,0.092
2017,Bournemouth,Charlie Daniels,33.4,3006,1.29,12.25,0.3,0,0.024489795918367346,0.26,0.064,0.143,0.26,0.132,0,76,7,0.094,Starter,0.092
2017,Brighton,Pascal Groß,32.5,2925,2.4,6.28,1.45,0.09,0.23089171974522291,0.161,0.699,0.321,0.161,0.644,1,73,3,0.107,Starter,0.041
2017,Brighton,Anthony Knockaert,26.9,2421,2.16,2.6,0.3,0,0.11538461538461538,0.055,0.166,0.107,0.055,0.11,0,73,3,0.107,Starter,0.041
2017,Burnley,Jóhann Berg Guðmundsson,31.5,2835,1.68,5.17,1.33,0.06,0.2572533849129594,0.126,0.521,0.317,0.126,0.5,0.5,84,4,0.129,Starter,0.048
2017,Burnley,Robbie Brady,14.2,1278,1.34,8.03,2.11,0.07,0.26276463262764632,0.088,0.401,0.178,0.088,0.357,0.25,84,4,0.129,Starter,0.048
2017,Chelsea,Cesc Fàbregas,25.6,2304,4.3,10.12,1.91,0.2,0.18873517786561264,0.18,0.657,0.264,0.18,0.598,0.714,82,7,0.074,Starter,0.085
2017,Chelsea,Willian,21,1890,4.05,4,0.76,0.1,0.19,0.058,0.213,0.07,0.058,0.195,0.286,82,7,0.074,Starter,0.085
2017,Crystal Palace,Yohan Cabaye,26.4,2376,1.4,6.82,1.29,0.04,0.18914956011730205,0.121,0.495,0.2,0.121,0.415,0.333,82,3,0.099,Starter,0.037
2017,Crystal Palace,Andros Townsend,34.7,3123.0000000000005,2.31,3.86,0.58,0.03,0.15025906735751296,0.09,0.233,0.126,0.09,0.244,0.333,82,3,0.099,Starter,0.037
2017,Crystal Palace,Patrick van Aanholt,24.3,2187,0.99,11.36,0.49,0,0.043133802816901406,0.186,0.052,0.097,0.186,0.146,0,82,3,0.099,Starter,0.037
2017,Everton,Gylfi Sigurðsson,25.1,2259,1.67,6.06,1,0.08,0.16501650165016502,0.111,0.5,0.226,0.111,0.439,0.5,57,4,0.091,Starter,0.07
2017,Everton,Wayne Rooney,25.2,2268,1.83,3.73,0.52,0.04,0.13941018766756033,0.068,0.2,0.133,0.068,0.228,0.25,57,4,0.091,Starter,0.07
2017,Everton,Leighton Baines,21.2,1908,1.65,10.42,0.42,0.05,0.040307101727447218,0.161,0.14,0.093,0.161,0.158,0.25,57,4,0.091,Starter,0.07
2017,Huddersfield,Aaron Mooy,34.1,3069,1.94,4.78,0.59,0.06,0.12343096234309622,0.109,0.473,0.267,0.109,0.408,0.667,49,3,0.08,Starter,0.061
2017,Huddersfield,Chris Löwe,17.6,1584.0000000000002,0.51,11.48,0.34,0.06,0.029616724738675958,0.135,0.091,0.052,0.135,0.122,0.333,49,3,0.08,Starter,0.061
2017,Huddersfield,Alex Pritchard,11.1,999,1.98,5.23,0.54,0,0.10325047801147227,0.039,0.139,0.052,0.039,0.122,0,49,3,0.08,Starter,0.061
2017,Huddersfield,Tom Ince,27.2,2448,1.51,2.83,0.18,0,0.0636042402826855,0.052,0.218,0.013,0.052,0.102,0,49,3,0.08,Starter,0.061
2017,Leicester City,Riyad Mahrez,32.8,2951.9999999999995,2.56,6.83,0.88,0.15,0.12884333821376281,0.148,0.458,0.328,0.148,0.354,0.625,82,8,0.113,Starter,0.098
2017,Leicester City,Christian Fuchs,21.3,1917,0.99,13.1,0.7,0.05,0.053435114503816793,0.184,0.064,0.053,0.184,0.183,0.125,82,8,0.113,Starter,0.098
2017,Leicester City,Marc Albrighton,28.2,2538,1.81,5.74,0.53,0.04,0.092334494773519168,0.107,0.32,0.107,0.107,0.183,0.125,82,8,0.113,Starter,0.098
2017,Leicester City,Yohan Benalouane,1,90,0,10,1,0,0.1,0.007,0,0.008,0.007,0.012,0,82,8,0.113,Other,0.098
2017,Liverpool,James Milner,19.7,1773,2.99,7.01,0.76,0.05,0.10841654778887304,0.091,0.261,0.118,0.091,0.224,0.2,67,5,0.059,Starter,0.075
2017,Liverpool,Philippe Coutinho,12.3,1107,4.63,6.18,1.06,0.16,0.17152103559870552,0.05,0.23,0.061,0.05,0.194,0.4,67,5,0.059,Starter,0.075
2017,Liverpool,Mohamed Salah,32.3,2906.9999999999995,3.19,2.97,0.37,0.03,0.12457912457912457,0.063,0.27,0.038,0.063,0.179,0.2,67,5,0.059,Starter,0.075
2017,Liverpool,Trent Alexander-Arnold,17.5,1575,1.66,12.69,0.4,0,0.031520882584712376,0.147,0.048,0.048,0.147,0.104,0,67,5,0.059,Starter,0.075
2017,Manchester City,Kevin De Bruyne,34.1,3069,4.46,8.18,1.26,0.06,0.15403422982885087,0.188,0.532,0.19,0.188,0.597,0.25,72,8,0.06,Starter,0.111
2017,Manchester City,Leroy Sané,26.9,2421,3.23,2.97,0.3,0.11,0.101010101010101,0.054,0.194,0.011,0.054,0.111,0.375,72,8,0.06,Starter,0.111
2017,Manchester Utd,Juan Mata,21.4,1925.9999999999998,3.6,5.28,0.51,0,0.096590909090909088,0.078,0.245,0.105,0.078,0.216,0,51,4,0.056,Starter,0.078
2017,Manchester Utd,Ashley Young,27.1,2439,1.62,11.92,0.33,0,0.027684563758389263,0.223,0.109,0.097,0.223,0.176,0,51,4,0.056,Starter,0.078
2017,Manchester Utd,Henrikh Mkhitaryan,10.2,917.99999999999989,3.92,4.31,0.78,0.2,0.18097447795823668,0.03,0.132,0.026,0.03,0.157,0.5,51,4,0.056,Starter,0.078
2017,Manchester Utd,Jesse Lingard,20.2,1818,2.23,3.27,0.3,0,0.091743119266055037,0.046,0.109,0.02,0.046,0.118,0,51,4,0.056,Starter,0.078
2017,Newcastle Utd,Matt Ritchie,31.2,2808,2.02,5.48,0.8,0.13,0.145985401459854,0.125,0.533,0.16,0.125,0.362,0.571,69,7,0.089,Starter,0.101
2017,Newcastle Utd,Jonjo Shelvey,25.2,2268,2.26,6.55,0.71,0.08,0.10839694656488549,0.12,0.269,0.379,0.12,0.261,0.286,69,7,0.089,Starter,0.101
2017,Newcastle Utd,Kenedy,11.4,1026,1.75,4.04,0.61,0.09,0.15099009900990099,0.034,0.132,0.021,0.034,0.101,0.143,69,7,0.089,Starter,0.101
2017,Newcastle Utd,Jesús Gámez,1.1,99.000000000000014,4.55,10,0.91,0,0.091,0.008,0,0,0.008,0.014,0,69,7,0.089,Other,0.101
2017,Southampton,James Ward-Prowse,19.1,1719.0000000000002,1.68,7.8,1.2,0.16,0.15384615384615385,0.099,0.41,0.142,0.099,0.333,0.75,69,4,0.087,Starter,0.058
2017,Southampton,Ryan Bertrand,34.8,3131.9999999999995,1.55,11.35,0.34,0.03,0.029955947136563878,0.263,0.145,0.107,0.263,0.174,0.25,69,4,0.087,Starter,0.058
2017,Southampton,Dušan Tadić,31,2790,3.1,2.52,0.26,0,0.10317460317460318,0.052,0.137,0.031,0.052,0.116,0,69,4,0.087,Starter,0.058
2017,Southampton,Nathan Redmond,21.6,1944.0000000000002,2.73,2.64,0.37,0,0.14015151515151514,0.038,0.115,0.028,0.038,0.116,0,69,4,0.087,Starter,0.058
2017,Southampton,Matt Targett,1.8,162,0,16.11,1.11,0,0.068901303538175057,0.019,0.018,0.016,0.019,0.029,0,69,4,0.087,Other,0.058
2017,Stoke City,Xherdan Shaqiri,33.8,3041.9999999999995,2.37,7.16,1.18,0.15,0.164804469273743,0.174,0.647,0.297,0.174,0.615,0.625,65,8,0.099,Starter,0.123
2017,Stoke City,Lasse Sørensen,0.8,72,1.25,1.25,1.25,1.25,1,0.001,0,0.004,0.001,0.015,0.125,65,8,0.099,Other,0.123
2017,Swansea City,Tom Carroll,28.6,2574,1.78,5.03,0.91,0.03,0.18091451292246521,0.101,0.467,0.171,0.101,0.473,0.143,55,7,0.095,Starter,0.127
2017,Swansea City,Ki Sung-yueng,20.8,1872,1.06,4.81,0.63,0.19,0.13097713097713098,0.07,0.28,0.152,0.07,0.236,0.571,55,7,0.095,Starter,0.127
2017,Tottenham,Christian Eriksen,35.8,3221.9999999999995,3.6,7.54,0.92,0.11,0.1220159151193634,0.159,0.508,0.246,0.159,0.446,0.571,74,7,0.068,Starter,0.095
2017,Tottenham,Ben Davies,25.8,2322,2.29,13.37,0.62,0.04,0.046372475691847423,0.204,0.199,0.044,0.204,0.216,0.143,74,7,0.068,Starter,0.095
2017,Tottenham,Kieran Trippier,21.3,1917,2.77,13.71,0.52,0.09,0.037928519328956967,0.172,0.114,0.059,0.172,0.149,0.286,74,7,0.068,Starter,0.095
2017,Watford,José Holebas,26.5,2385,0.94,18.87,1.21,0.11,0.064122946475887649,0.334,0.503,0.225,0.334,0.457,0.6,70,5,0.092,Starter,0.071
2017,Watford,Tom Cleverley,21.1,1899.0000000000002,1.75,6.45,0.76,0.05,0.11782945736434108,0.091,0.257,0.155,0.091,0.229,0.2,70,5,0.092,Starter,0.071
2017,Watford,Roberto Pereyra,18,1620,2.17,2.5,0.44,0.06,0.176,0.03,0.109,0.042,0.03,0.114,0.2,70,5,0.092,Starter,0.071
2017,West Brom,Chris Brunt,21.3,1917,1.92,9.11,1.31,0.23,0.14379802414928652,0.142,0.483,0.241,0.142,0.394,0.833,71,6,0.111,Starter,0.085
2017,West Brom,Matt Phillips,23.3,2097,1.42,4.16,0.73,0.04,0.17548076923076922,0.071,0.244,0.072,0.071,0.239,0.167,71,6,0.111,Starter,0.085
2017,West Ham,Aaron Cresswell,34.1,3069,1.06,10.59,0.7,0.09,0.066100094428706319,0.24,0.416,0.241,0.24,0.387,0.75,62,4,0.095,Starter,0.065
2017,West Ham,Manuel Lanzini,22.7,2043,2.47,5.51,0.48,0.04,0.087114337568058073,0.083,0.317,0.141,0.083,0.177,0.25,62,4,0.095,Starter,0.065
2017,West Ham,João Mário,11.4,1026,1.58,4.56,0.88,0,0.19298245614035089,0.035,0.186,0.047,0.035,0.161,0,62,4,0.095,Starter,0.065
